"","Spell","Rune"
"1","Phalanx","Stampede"
"2","Akarat's Champion","Embodiment of Power"
"3","Laws of Valor","Unstoppable Force"
"4","Provoke","Flee Fool"
"5","Steed Charge","Endurance"
"6","Iron Skin","Steel Skin"
"7","Finery","Passive"
"8","Long Arm of the Law","Passive"
"9","Lord Commander","Passive"
"10","Fervor","Passive"
"11","Phalanx","Stampede"
"12","Iron Skin","Steel Skin"
"13","Steed Charge","Endurance"
"14","Provoke","Too Scared to Run"
"15","Laws of Valor","Unstoppable Force"
"16","Akarat's Champion","Prophet"
"17","Heavenly Strength","Passive"
"18","Lord Commander","Passive"
"19","Finery","Passive"
"20","Long Arm of the Law","Passive"
"21","Phalanx","Stampede"
"22","Iron Skin","Steel Skin"
"23","Laws of Valor","Unstoppable Force"
"24","Provoke","Charged Up"
"25","Akarat's Champion","Prophet"
"26","Steed Charge","Endurance"
"27","Heavenly Strength","Passive"
"28","Long Arm of the Law","Passive"
"29","Finery","Passive"
"30","Lord Commander","Passive"
"31","Shield Glare","Divine Verdict"
"32","Judgment","Resolved"
"33","Akarat's Champion","Prophet"
"34","Steed Charge","Draw and Quarter"
"35","Laws of Valor","Critical"
"36","Condemn","Vacuum"
"37","Long Arm of the Law","Passive"
"38","Towering Shield","Passive"
"39","Fervor","Passive"
"40","Indestructible","Passive"
"41","Heaven's Fury","Fires of Heaven"
"42","Shield Glare","Divine Verdict"
"43","Provoke","Too Scared to Run"
"44","Steed Charge","Endurance"
"45","Laws of Valor","Unstoppable Force"
"46","Akarat's Champion","Prophet"
"47","Heavenly Strength","Passive"
"48","Indestructible","Passive"
"49","Long Arm of the Law","Passive"
"50","Finery","Passive"
"51","Phalanx","Shield Glare"
"52","Divine Verdict","Laws of Valor"
"53","Unstoppable Force","Steed Charge"
"54","Endurance","Provoke"
"55","Charged Up","Akarat's Champion"
"56","Prophet","Long Arm of the Law"
"57","Heavenly Strength","Passive"
"58","Finery","Passive"
"59","Lord Commander","Passive"
"60",NA,"Passive"
"61","Phalanx","Stampede"
"62","Steed Charge","Endurance"
"63","Iron Skin","Steel Skin"
"64","Provoke","Charged Up"
"65","Laws of Valor","Unstoppable Force"
"66","Akarat's Champion","Prophet"
"67","Holy Cause","Passive"
"68","Finery","Passive"
"69","Long Arm of the Law","Passive"
"70","Heavenly Strength","Passive"
"71","Phalanx","Stampede"
"72","Provoke","Too Scared to Run"
"73","Laws of Valor","Unstoppable Force"
"74","Iron Skin","Steel Skin"
"75","Akarat's Champion","Prophet"
"76","Steed Charge","Endurance"
"77","Heavenly Strength","Passive"
"78","Long Arm of the Law","Passive"
"79","Lord Commander","Passive"
"80","Finery","Passive"
"81","Phalanx","Stampede"
"82","Iron Skin","Steel Skin"
"83","Akarat's Champion","Prophet"
"84","Provoke","Charged Up"
"85","Laws of Valor","Unstoppable Force"
"86","Steed Charge","Endurance"
"87","Heavenly Strength","Passive"
"88","Finery","Passive"
"89","Lord Commander","Passive"
"90","Long Arm of the Law","Passive"
"91","Phalanx","Stampede"
"92","Shield Glare","Divine Verdict"
"93","Steed Charge","Endurance"
"94","Laws of Hope","Wings of Angels"
"95","Akarat's Champion","Prophet"
"96","Provoke","Charged Up"
"97","Heavenly Strength","Passive"
"98","Lord Commander","Passive"
"99","Long Arm of the Law","Passive"
"100","Finery","Passive"
"101","Phalanx","Stampede"
"102","Iron Skin","Steel Skin"
"103","Steed Charge","Endurance"
"104","Laws of Valor","Unstoppable Force"
"105","Akarat's Champion","Prophet"
"106","Provoke","Charged Up"
"107","Long Arm of the Law","Passive"
"108","Holy Cause","Passive"
"109","Heavenly Strength","Passive"
"110","Lord Commander","Passive"
"111","Phalanx","Stampede"
"112","Iron Skin","Steel Skin"
"113","Steed Charge","Endurance"
"114","Laws of Valor","Unstoppable Force"
"115","Akarat's Champion","Prophet"
"116","Provoke","Charged Up"
"117","Long Arm of the Law","Passive"
"118","Heavenly Strength","Passive"
"119","Finery","Passive"
"120","Lord Commander","Passive"
"121","Phalanx","Stampede"
"122","Steed Charge","Endurance"
"123","Provoke","Charged Up"
"124","Iron Skin","Steel Skin"
"125","Laws of Valor","Unstoppable Force"
"126","Akarat's Champion","Prophet"
"127","Heavenly Strength","Passive"
"128","Finery","Passive"
"129","Lord Commander","Passive"
"130","Long Arm of the Law","Passive"
"131","Phalanx","Stampede"
"132","Iron Skin","Steel Skin"
"133","Steed Charge","Endurance"
"134","Provoke","Charged Up"
"135","Laws of Valor","Unstoppable Force"
"136","Akarat's Champion","Prophet"
"137","Heavenly Strength","Passive"
"138","Lord Commander","Passive"
"139","Finery","Passive"
"140","Long Arm of the Law","Passive"
"141","Phalanx","Stampede"
"142","Provoke","Charged Up"
"143","Steed Charge","Endurance"
"144","Akarat's Champion","Prophet"
"145","Laws of Valor","Unstoppable Force"
"146","Shield Glare","Divine Verdict"
"147","Finery","Passive"
"148","Holy Cause","Passive"
"149","Lord Commander","Passive"
"150","Heavenly Strength","Passive"
"151","Heaven's Fury","Fires of Heaven"
"152","Steed Charge","Endurance"
"153","Condemn","Vacuum"
"154","Provoke","Too Scared to Run"
"155","Laws of Valor","Critical"
"156","Akarat's Champion","Prophet"
"157","Heavenly Strength","Passive"
"158","Finery","Passive"
"159","Holy Cause","Passive"
"160","Long Arm of the Law","Passive"
"161","Phalanx","Stampede"
"162","Iron Skin","Steel Skin"
"163","Provoke","Charged Up"
"164","Laws of Valor","Unstoppable Force"
"165","Akarat's Champion","Prophet"
"166","Steed Charge","Endurance"
"167","Heavenly Strength","Passive"
"168","Finery","Passive"
"169","Lord Commander","Passive"
"170","Long Arm of the Law","Passive"
"171","Phalanx","Stampede"
"172","Steed Charge","Endurance"
"173","Laws of Valor","Unstoppable Force"
"174","Provoke","Too Scared to Run"
"175","Iron Skin","Steel Skin"
"176","Akarat's Champion","Prophet"
"177","Heavenly Strength","Passive"
"178","Long Arm of the Law","Passive"
"179","Finery","Passive"
"180","Lord Commander","Passive"
"181","Phalanx","Stampede"
"182","Iron Skin","Steel Skin"
"183","Provoke","Charged Up"
"184","Steed Charge","Endurance"
"185","Laws of Valor","Unstoppable Force"
"186","Akarat's Champion","Prophet"
"187","Heavenly Strength","Passive"
"188","Indestructible","Passive"
"189","Long Arm of the Law","Passive"
"190","Finery","Passive"
"191","Phalanx","Stampede"
"192","Shield Glare","Divine Verdict"
"193","Laws of Hope","Wings of Angels"
"194","Steed Charge","Endurance"
"195","Provoke","Too Scared to Run"
"196","Akarat's Champion","Prophet"
"197","Heavenly Strength","Passive"
"198","Long Arm of the Law","Passive"
"199","Finery","Passive"
"200","Lord Commander","Passive"
"201","Phalanx","Stampede"
"202","Iron Skin","Steel Skin"
"203","Laws of Valor","Unstoppable Force"
"204","Provoke","Charged Up"
"205","Akarat's Champion","Prophet"
"206","Steed Charge","Endurance"
"207","Heavenly Strength","Passive"
"208","Finery","Passive"
"209","Long Arm of the Law","Passive"
"210","Lord Commander","Passive"
"211","Phalanx","Stampede"
"212","Iron Skin","Steel Skin"
"213","Akarat's Champion","Prophet"
"214","Steed Charge","Endurance"
"215","Provoke","Charged Up"
"216","Laws of Valor","Unstoppable Force"
"217","Heavenly Strength","Passive"
"218","Long Arm of the Law","Passive"
"219","Finery","Passive"
"220","Lord Commander","Passive"
"221","Phalanx","Stampede"
"222","Iron Skin","Steel Skin"
"223","Provoke","Charged Up"
"224","Akarat's Champion","Prophet"
"225","Steed Charge","Endurance"
"226","Laws of Valor","Unstoppable Force"
"227","Heavenly Strength","Passive"
"228","Lord Commander","Passive"
"229","Long Arm of the Law","Passive"
"230","Finery","Passive"
"231","Phalanx","Stampede"
"232","Iron Skin","Steel Skin"
"233","Provoke","Charged Up"
"234","Steed Charge","Endurance"
"235","Laws of Valor","Unstoppable Force"
"236","Akarat's Champion","Prophet"
"237","Lord Commander","Passive"
"238","Long Arm of the Law","Passive"
"239","Heavenly Strength","Passive"
"240","Finery","Passive"
"241","Phalanx","Stampede"
"242","Provoke","Too Scared to Run"
"243","Laws of Valor","Unstoppable Force"
"244","Iron Skin","Steel Skin"
"245","Steed Charge","Endurance"
"246","Akarat's Champion","Prophet"
"247","Heavenly Strength","Passive"
"248","Long Arm of the Law","Passive"
"249","Lord Commander","Passive"
"250","Indestructible","Passive"
"251","Phalanx","Stampede"
"252","Iron Skin","Flash"
"253","Steed Charge","Endurance"
"254","Laws of Valor","Unstoppable Force"
"255","Akarat's Champion","Prophet"
"256","Provoke","Charged Up"
"257","Heavenly Strength","Passive"
"258","Lord Commander","Passive"
"259","Long Arm of the Law","Passive"
"260","Finery","Passive"
"261","Shield Glare","Divine Verdict"
"262","Akarat's Champion","Prophet"
"263","Judgment","Resolved"
"264","Condemn","Vacuum"
"265","Steed Charge","Draw and Quarter"
"266","Laws of Valor","Critical"
"267","Fervor","Passive"
"268","Long Arm of the Law","Passive"
"269","Indestructible","Passive"
"270","Towering Shield","Passive"
"271","Phalanx","Stampede"
"272","Iron Skin","Steel Skin"
"273","Laws of Valor","Unstoppable Force"
"274","Provoke","Charged Up"
"275","Steed Charge","Endurance"
"276","Akarat's Champion","Prophet"
"277","Long Arm of the Law","Passive"
"278","Heavenly Strength","Passive"
"279","Lord Commander","Passive"
"280","Finery","Passive"
"281","Phalanx","Stampede"
"282","Iron Skin","Steel Skin"
"283","Steed Charge","Endurance"
"284","Provoke","Charged Up"
"285","Laws of Valor","Unstoppable Force"
"286","Akarat's Champion","Prophet"
"287","Heavenly Strength","Passive"
"288","Long Arm of the Law","Passive"
"289","Finery","Passive"
"290","Lord Commander","Passive"
"291","Heaven's Fury","Fires of Heaven"
"292","Shield Glare","Divine Verdict"
"293","Steed Charge","Endurance"
"294","Provoke","Charged Up"
"295","Laws of Valor","Unstoppable Force"
"296","Akarat's Champion","Prophet"
"297","Finery","Passive"
"298","Long Arm of the Law","Passive"
"299","Heavenly Strength","Passive"
"300","Holy Cause","Passive"
"301","Phalanx","Stampede"
"302","Steed Charge","Endurance"
"303","Laws of Valor","Critical"
"304","Provoke","Charged Up"
"305","Shield Glare","Divine Verdict"
"306","Akarat's Champion","Prophet"
"307","Heavenly Strength","Passive"
"308","Finery","Passive"
"309","Long Arm of the Law","Passive"
"310","Lord Commander","Passive"
"311","Phalanx","Stampede"
"312","Provoke","Cleanse"
"313","Laws of Valor","Unstoppable Force"
"314","Steed Charge","Ramming Speed"
"315","Akarat's Champion","Prophet"
"316","Iron Skin","Steel Skin"
"317","Indestructible","Passive"
"318","Long Arm of the Law","Passive"
"319","Finery","Passive"
"320","Heavenly Strength","Passive"
"321","Phalanx","Stampede"
"322","Akarat's Champion","Prophet"
"323","Steed Charge","Endurance"
"324","Provoke","Charged Up"
"325","Laws of Valor","Unstoppable Force"
"326","Iron Skin","Steel Skin"
"327","Heavenly Strength","Passive"
"328","Lord Commander","Passive"
"329","Long Arm of the Law","Passive"
"330","Finery","Passive"
"331","Phalanx","Stampede"
"332","Akarat's Champion","Prophet"
"333","Laws of Valor","Unstoppable Force"
"334","Iron Skin","Steel Skin"
"335","Provoke","Charged Up"
"336","Steed Charge","Endurance"
"337","Long Arm of the Law","Passive"
"338","Heavenly Strength","Passive"
"339","Finery","Passive"
"340","Lord Commander","Passive"
"341","Judgment","Resolved"
"342","Condemn","Vacuum"
"343","Shield Glare","Divine Verdict"
"344","Consecration","Frozen Ground"
"345","Laws of Valor","Critical"
"346","Akarat's Champion","Prophet"
"347","Fervor","Passive"
"348","Indestructible","Passive"
"349","Long Arm of the Law","Passive"
"350","Vigilant","Passive"
"351","Shield Glare","Zealous Glare"
"352","Phalanx","Stampede"
"353","Laws of Valor","Critical"
"354","Akarat's Champion","Fire Starter"
"355","Steed Charge","Endurance"
"356","Provoke","Charged Up"
"357","Finery","Passive"
"358","Long Arm of the Law","Passive"
"359","Lord Commander","Passive"
"360","Heavenly Strength","Passive"
"361","Judgment","Resolved"
"362","Condemn","Vacuum"
"363","Shield Glare","Divine Verdict"
"364","Steed Charge","Draw and Quarter"
"365","Akarat's Champion","Prophet"
"366","Laws of Valor","Critical"
"367","Fervor","Passive"
"368","Indestructible","Passive"
"369","Long Arm of the Law","Passive"
"370","Towering Shield","Passive"
"371","Phalanx","Stampede"
"372","Steed Charge","Endurance"
"373","Iron Skin","Steel Skin"
"374","Provoke","Charged Up"
"375","Laws of Valor","Unstoppable Force"
"376","Akarat's Champion","Prophet"
"377","Lord Commander","Passive"
"378","Long Arm of the Law","Passive"
"379","Finery","Passive"
"380","Heavenly Strength","Passive"
"381","Shield Glare","Divine Verdict"
"382","Condemn","Vacuum"
"383","Judgment","Resolved"
"384","Steed Charge","Draw and Quarter"
"385","Laws of Valor","Critical"
"386","Akarat's Champion","Prophet"
"387","Fervor","Passive"
"388","Long Arm of the Law","Passive"
"389","Towering Shield","Passive"
"390","Indestructible","Passive"
"391","Phalanx","Stampede"
"392","Iron Skin","Steel Skin"
"393","Provoke","Charged Up"
"394","Akarat's Champion","Prophet"
"395","Laws of Valor","Unstoppable Force"
"396","Steed Charge","Endurance"
"397","Heavenly Strength","Passive"
"398","Holy Cause","Passive"
"399","Finery","Passive"
"400","Long Arm of the Law","Passive"
"401","Phalanx","Stampede"
"402","Iron Skin","Steel Skin"
"403","Laws of Valor","Unstoppable Force"
"404","Steed Charge","Endurance"
"405","Provoke","Charged Up"
"406","Akarat's Champion","Prophet"
"407","Holy Cause","Passive"
"408","Heavenly Strength","Passive"
"409","Lord Commander","Passive"
"410","Long Arm of the Law","Passive"
"411","Phalanx","Stampede"
"412","Iron Skin","Steel Skin"
"413","Steed Charge","Endurance"
"414","Provoke","Charged Up"
"415","Laws of Valor","Unstoppable Force"
"416","Akarat's Champion","Prophet"
"417","Heavenly Strength","Passive"
"418","Finery","Passive"
"419","Holy Cause","Passive"
"420","Long Arm of the Law","Passive"
"421","Phalanx","Stampede"
"422","Iron Skin","Steel Skin"
"423","Provoke","Hit Me"
"424","Steed Charge","Endurance"
"425","Laws of Valor","Unstoppable Force"
"426","Akarat's Champion","Prophet"
"427","Heavenly Strength","Passive"
"428","Long Arm of the Law","Passive"
"429","Finery","Passive"
"430","Lord Commander","Passive"
"431","Phalanx","Stampede"
"432","Iron Skin","Steel Skin"
"433","Laws of Valor","Unstoppable Force"
"434","Akarat's Champion","Prophet"
"435","Provoke","Charged Up"
"436","Steed Charge","Endurance"
"437","Holy Cause","Passive"
"438","Heavenly Strength","Passive"
"439","Long Arm of the Law","Passive"
"440","Finery","Passive"
"441","Phalanx","Stampede"
"442","Provoke","Charged Up"
"443","Laws of Valor","Unstoppable Force"
"444","Akarat's Champion","Prophet"
"445","Iron Skin","Steel Skin"
"446","Steed Charge","Endurance"
"447","Finery","Passive"
"448","Lord Commander","Passive"
"449","Long Arm of the Law","Passive"
"450","Heavenly Strength","Passive"
"451","Phalanx","Stampede"
"452","Shield Glare","Divine Verdict"
"453","Laws of Valor","Unstoppable Force"
"454","Akarat's Champion","Prophet"
"455","Provoke","Charged Up"
"456","Steed Charge","Endurance"
"457","Long Arm of the Law","Passive"
"458","Heavenly Strength","Passive"
"459","Lord Commander","Passive"
"460","Finery","Passive"
"461","Phalanx","Stampede"
"462","Akarat's Champion","Prophet"
"463","Provoke","Charged Up"
"464","Iron Skin","Steel Skin"
"465","Laws of Valor","Unstoppable Force"
"466","Steed Charge","Endurance"
"467","Heavenly Strength","Passive"
"468","Long Arm of the Law","Passive"
"469","Lord Commander","Passive"
"470","Finery","Passive"
"471","Phalanx","Stampede"
"472","Provoke","Cleanse"
"473","Steed Charge","Endurance"
"474","Iron Skin","Steel Skin"
"475","Laws of Valor","Unstoppable Force"
"476","Akarat's Champion","Prophet"
"477","Heavenly Strength","Passive"
"478","Finery","Passive"
"479","Long Arm of the Law","Passive"
"480","Lord Commander","Passive"
"481","Shield Glare","Divine Verdict"
"482","Steed Charge","Draw and Quarter"
"483","Judgment","Resolved"
"484","Laws of Valor","Critical"
"485","Condemn","Vacuum"
"486","Akarat's Champion","Prophet"
"487","Fervor","Passive"
"488","Towering Shield","Passive"
"489","Long Arm of the Law","Passive"
"490","Indestructible","Passive"
"491","Phalanx","Stampede"
"492","Iron Skin","Steel Skin"
"493","Akarat's Champion","Prophet"
"494","Laws of Valor","Unstoppable Force"
"495","Provoke","Charged Up"
"496","Steed Charge","Endurance"
"497","Heavenly Strength","Passive"
"498","Finery","Passive"
"499","Lord Commander","Passive"
"500","Holy Cause","Passive"
"501","Shield Glare","Divine Verdict"
"502","Akarat's Champion","Prophet"
"503","Condemn","Vacuum"
"504","Judgment","Resolved"
"505","Consecration","Frozen Ground"
"506","Laws of Valor","Critical"
"507","Long Arm of the Law","Passive"
"508","Fervor","Passive"
"509","Towering Shield","Passive"
"510","Indestructible","Passive"
"511","Phalanx","Stampede"
"512","Provoke","Too Scared to Run"
"513","Steed Charge","Endurance"
"514","Akarat's Champion","Prophet"
"515","Iron Skin","Steel Skin"
"516","Laws of Valor","Unstoppable Force"
"517","Heavenly Strength","Passive"
"518","Lord Commander","Passive"
"519","Long Arm of the Law","Passive"
"520","Finery","Passive"
"521","Phalanx","Stampede"
"522","Steed Charge","Endurance"
"523","Provoke","Charged Up"
"524","Iron Skin","Steel Skin"
"525","Laws of Valor","Unstoppable Force"
"526","Akarat's Champion","Prophet"
"527","Finery","Passive"
"528","Long Arm of the Law","Passive"
"529","Lord Commander","Passive"
"530","Heavenly Strength","Passive"
"531","Phalanx","Stampede"
"532","Iron Skin","Steel Skin"
"533","Akarat's Champion","Prophet"
"534","Steed Charge","Endurance"
"535","Provoke","Charged Up"
"536","Laws of Valor","Unstoppable Force"
"537","Lord Commander","Passive"
"538","Heavenly Strength","Passive"
"539","Long Arm of the Law","Passive"
"540","Finery","Passive"
"541","Phalanx","Stampede"
"542","Provoke","Too Scared to Run"
"543","Steed Charge","Endurance"
"544","Iron Skin","Steel Skin"
"545","Laws of Valor","Unstoppable Force"
"546","Akarat's Champion","Prophet"
"547","Heavenly Strength","Passive"
"548","Long Arm of the Law","Passive"
"549","Lord Commander","Passive"
"550","Indestructible","Passive"
"551","Phalanx","Stampede"
"552","Steed Charge","Endurance"
"553","Laws of Hope","Wings of Angels"
"554","Shield Glare","Divine Verdict"
"555","Provoke","Too Scared to Run"
"556","Akarat's Champion","Prophet"
"557","Long Arm of the Law","Passive"
"558","Lord Commander","Passive"
"559","Holy Cause","Passive"
"560","Heavenly Strength","Passive"
"561","Judgment","Resolved"
"562","Condemn","Vacuum"
"563","Laws of Valor","Critical"
"564","Shield Glare","Divine Verdict"
"565","Steed Charge","Draw and Quarter"
"566","Akarat's Champion","Prophet"
"567","Fervor","Passive"
"568","Vigilant","Passive"
"569","Long Arm of the Law","Passive"
"570","Indestructible","Passive"
"571","Shield Glare","Divine Verdict"
"572","Steed Charge","Draw and Quarter"
"573","Laws of Valor","Critical"
"574","Judgment","Resolved"
"575","Akarat's Champion","Prophet"
"576","Condemn","Vacuum"
"577","Fervor","Passive"
"578","Indestructible","Passive"
"579","Long Arm of the Law","Passive"
"580","Towering Shield","Passive"
"581","Shield Glare","Divine Verdict"
"582","Phalanx","Bowmen"
"583","Judgment","Resolved"
"584","Akarat's Champion","Prophet"
"585","Steed Charge","Endurance"
"586","Laws of Valor","Critical"
"587","Heavenly Strength","Passive"
"588","Lord Commander","Passive"
"589","Long Arm of the Law","Passive"
"590","Finery","Passive"
"591","Heaven's Fury","Fires of Heaven"
"592","Steed Charge","Endurance"
"593","Shield Glare","Divine Verdict"
"594","Provoke","Charged Up"
"595","Laws of Valor","Unstoppable Force"
"596","Akarat's Champion","Prophet"
"597","Heavenly Strength","Passive"
"598","Finery","Passive"
"599","Long Arm of the Law","Passive"
"600","Holy Cause","Passive"
"601","Shield Glare","Divine Verdict"
"602","Condemn","Vacuum"
"603","Judgment","Resolved"
"604","Consecration","Frozen Ground"
"605","Laws of Valor","Critical"
"606","Akarat's Champion","Prophet"
"607","Fervor","Passive"
"608","Indestructible","Passive"
"609","Towering Shield","Passive"
"610","Long Arm of the Law","Passive"
"611","Judgment","Resolved"
"612","Condemn","Vacuum"
"613","Consecration","Frozen Ground"
"614","Shield Glare","Divine Verdict"
"615","Laws of Valor","Critical"
"616","Akarat's Champion","Prophet"
"617","Fervor","Passive"
"618","Vigilant","Passive"
"619","Indestructible","Passive"
"620","Long Arm of the Law","Passive"
"621","Phalanx","Stampede"
"622","Steed Charge","Endurance"
"623","Laws of Valor","Unstoppable Force"
"624","Provoke","Charged Up"
"625","Iron Skin","Steel Skin"
"626","Akarat's Champion","Prophet"
"627","Finery","Passive"
"628","Lord Commander","Passive"
"629","Heavenly Strength","Passive"
"630","Long Arm of the Law","Passive"
"631","Steed Charge","Endurance"
"632","Phalanx","Stampede"
"633","Iron Skin","Steel Skin"
"634","Provoke","Too Scared to Run"
"635","Laws of Valor","Unstoppable Force"
"636","Akarat's Champion","Prophet"
"637","Heavenly Strength","Passive"
"638","Lord Commander","Passive"
"639","Finery","Passive"
"640","Long Arm of the Law","Passive"
"641","Judgment","Resolved"
"642","Akarat's Champion","Prophet"
"643","Shield Glare","Divine Verdict"
"644","Steed Charge","Draw and Quarter"
"645","Laws of Valor","Critical"
"646","Condemn","Vacuum"
"647","Fervor","Passive"
"648","Towering Shield","Passive"
"649","Long Arm of the Law","Passive"
"650","Indestructible","Passive"
"651","Phalanx","Stampede"
"652","Provoke","Too Scared to Run"
"653","Iron Skin","Steel Skin"
"654","Steed Charge","Endurance"
"655","Laws of Valor","Unstoppable Force"
"656","Akarat's Champion","Prophet"
"657","Long Arm of the Law","Passive"
"658","Lord Commander","Passive"
"659","Finery","Passive"
"660","Heavenly Strength","Passive"
"661","Phalanx","Stampede"
"662","Provoke","Too Scared to Run"
"663","Steed Charge","Endurance"
"664","Laws of Valor","Unstoppable Force"
"665","Iron Skin","Steel Skin"
"666","Akarat's Champion","Prophet"
"667","Heavenly Strength","Passive"
"668","Holy Cause","Passive"
"669","Lord Commander","Passive"
"670","Finery","Passive"
"671","Phalanx","Stampede"
"672","Steed Charge","Endurance"
"673","Provoke","Charged Up"
"674","Laws of Valor","Unstoppable Force"
"675","Iron Skin","Steel Skin"
"676","Akarat's Champion","Prophet"
"677","Heavenly Strength","Passive"
"678","Finery","Passive"
"679","Lord Commander","Passive"
"680","Holy Cause","Passive"
"681","Phalanx","Stampede"
"682","Provoke","Too Scared to Run"
"683","Steed Charge","Endurance"
"684","Laws of Valor","Unstoppable Force"
"685","Akarat's Champion","Prophet"
"686","Iron Skin","Steel Skin"
"687","Heavenly Strength","Passive"
"688","Long Arm of the Law","Passive"
"689","Finery","Passive"
"690","Lord Commander","Passive"
"691","Slash","Zeal"
"692","Condemn","Unleashed"
"693","Laws of Valor","Critical"
"694","Provoke","Too Scared to Run"
"695","Steed Charge","Endurance"
"696","Akarat's Champion","Prophet"
"697","Heavenly Strength","Passive"
"698","Holy Cause","Passive"
"699","Long Arm of the Law","Passive"
"700","Finery","Passive"
"701","Phalanx","Stampede"
"702","Iron Skin","Steel Skin"
"703","Akarat's Champion","Prophet"
"704","Laws of Valor","Unstoppable Force"
"705","Provoke","Too Scared to Run"
"706","Steed Charge","Endurance"
"707","Finery","Passive"
"708","Heavenly Strength","Passive"
"709","Lord Commander","Passive"
"710","Long Arm of the Law","Passive"
"711","Phalanx","Stampede"
"712","Steed Charge","Endurance"
"713","Provoke","Too Scared to Run"
"714","Iron Skin","Steel Skin"
"715","Laws of Valor","Critical"
"716","Akarat's Champion","Prophet"
"717","Lord Commander","Passive"
"718","Holy Cause","Passive"
"719","Long Arm of the Law","Passive"
"720","Finery","Passive"
"721","Phalanx","Stampede"
"722","Judgment","Resolved"
"723","Steed Charge","Endurance"
"724","Provoke","Too Scared to Run"
"725","Laws of Valor","Unstoppable Force"
"726","Akarat's Champion","Prophet"
"727","Finery","Passive"
"728","Lord Commander","Passive"
"729","Long Arm of the Law","Passive"
"730","Heavenly Strength","Passive"
"731","Phalanx","Stampede"
"732","Iron Skin","Steel Skin"
"733","Provoke","Charged Up"
"734","Steed Charge","Endurance"
"735","Laws of Valor","Unstoppable Force"
"736","Akarat's Champion","Prophet"
"737","Heavenly Strength","Passive"
"738","Long Arm of the Law","Passive"
"739","Lord Commander","Passive"
"740","Finery","Passive"
"741","Phalanx","Stampede"
"742","Iron Skin","Steel Skin"
"743","Akarat's Champion","Prophet"
"744","Laws of Valor","Unstoppable Force"
"745","Provoke","Charged Up"
"746","Steed Charge","Endurance"
"747","Heavenly Strength","Passive"
"748","Lord Commander","Passive"
"749","Holy Cause","Passive"
"750","Finery","Passive"
"751","Phalanx","Stampede"
"752","Akarat's Champion","Prophet"
"753","Laws of Valor","Unstoppable Force"
"754","Provoke","Cleanse"
"755","Iron Skin","Steel Skin"
"756","Steed Charge","Endurance"
"757","Long Arm of the Law","Passive"
"758","Finery","Passive"
"759","Lord Commander","Passive"
"760","Heavenly Strength","Passive"
"761","Phalanx","Stampede"
"762","Iron Skin","Steel Skin"
"763","Provoke","Charged Up"
"764","Laws of Valor","Unstoppable Force"
"765","Steed Charge","Endurance"
"766","Akarat's Champion","Prophet"
"767","Finery","Passive"
"768","Heavenly Strength","Passive"
"769","Holy Cause","Passive"
"770","Lord Commander","Passive"
"771","Phalanx","Stampede"
"772","Iron Skin","Steel Skin"
"773","Laws of Valor","Unstoppable Force"
"774","Provoke","Charged Up"
"775","Steed Charge","Ramming Speed"
"776","Akarat's Champion","Prophet"
"777","Heavenly Strength","Passive"
"778","Lord Commander","Passive"
"779","Finery","Passive"
"780","Long Arm of the Law","Passive"
"781","Slash","Zeal"
"782","Phalanx","Stampede"
"783","Akarat's Champion","Prophet"
"784","Steed Charge","Endurance"
"785","Laws of Valor","Unstoppable Force"
"786","Shield Glare","Zealous Glare"
"787","Finery","Passive"
"788","Lord Commander","Passive"
"789","Long Arm of the Law","Passive"
"790","Heavenly Strength","Passive"
"791","Phalanx","Stampede"
"792","Steed Charge","Endurance"
"793","Akarat's Champion","Prophet"
"794","Provoke","Too Scared to Run"
"795","Laws of Valor","Critical"
"796","Iron Skin","Flash"
"797","Heavenly Strength","Passive"
"798","Lord Commander","Passive"
"799","Long Arm of the Law","Passive"
"800","Finery","Passive"
"801","Phalanx","Stampede"
"802","Shield Glare","Divine Verdict"
"803","Steed Charge","Endurance"
"804","Provoke","Too Scared to Run"
"805","Laws of Valor","Unstoppable Force"
"806","Akarat's Champion","Prophet"
"807","Heavenly Strength","Passive"
"808","Finery","Passive"
"809","Long Arm of the Law","Passive"
"810","Lord Commander","Passive"
"811","Phalanx","Stampede"
"812","Steed Charge","Endurance"
"813","Iron Skin","Steel Skin"
"814","Provoke","Charged Up"
"815","Akarat's Champion","Prophet"
"816","Laws of Valor","Unstoppable Force"
"817","Heavenly Strength","Passive"
"818","Indestructible","Passive"
"819","Finery","Passive"
"820","Lord Commander","Passive"
"821","Phalanx","Stampede"
"822","Iron Skin","Steel Skin"
"823","Provoke","Charged Up"
"824","Akarat's Champion","Prophet"
"825","Steed Charge","Endurance"
"826","Laws of Valor","Unstoppable Force"
"827","Holy Cause","Passive"
"828","Finery","Passive"
"829","Lord Commander","Passive"
"830","Long Arm of the Law","Passive"
"831","Phalanx","Stampede"
"832","Iron Skin","Steel Skin"
"833","Provoke","Too Scared to Run"
"834","Steed Charge","Endurance"
"835","Laws of Valor","Unstoppable Force"
"836","Akarat's Champion","Prophet"
"837","Heavenly Strength","Passive"
"838","Lord Commander","Passive"
"839","Long Arm of the Law","Passive"
"840","Finery","Passive"
"841","Judgment","Resolved"
"842","Shield Glare","Divine Verdict"
"843","Consecration","Frozen Ground"
"844","Steed Charge","Draw and Quarter"
"845","Laws of Valor","Critical"
"846","Akarat's Champion","Prophet"
"847","Fervor","Passive"
"848","Long Arm of the Law","Passive"
"849","Towering Shield","Passive"
"850","Indestructible","Passive"
"851","Phalanx","Stampede"
"852","Iron Skin","Steel Skin"
"853","Akarat's Champion","Prophet"
"854","Provoke","Charged Up"
"855","Steed Charge","Endurance"
"856","Laws of Valor","Unstoppable Force"
"857","Heavenly Strength","Passive"
"858","Finery","Passive"
"859","Lord Commander","Passive"
"860","Long Arm of the Law","Passive"
"861","Phalanx","Stampede"
"862","Iron Skin","Steel Skin"
"863","Steed Charge","Endurance"
"864","Provoke","Charged Up"
"865","Akarat's Champion","Prophet"
"866","Laws of Valor","Unstoppable Force"
"867","Heavenly Strength","Passive"
"868","Long Arm of the Law","Passive"
"869","Lord Commander","Passive"
"870","Finery","Passive"
"871","Shield Glare","Divine Verdict"
"872","Akarat's Champion","Fire Starter"
"873","Steed Charge","Draw and Quarter"
"874","Laws of Valor","Unstoppable Force"
"875","Phalanx","Bowmen"
"876","Iron Skin","Flash"
"877","Finery","Passive"
"878","Holy Cause","Passive"
"879","Indestructible","Passive"
"880","Heavenly Strength","Passive"
"881","Phalanx","Bowmen"
"882","Justice","Hammer of Pursuit"
"883","Akarat's Champion","Prophet"
"884","Provoke","Too Scared to Run"
"885","Laws of Valor","Unstoppable Force"
"886","Steed Charge","Endurance"
"887","Finery","Passive"
"888","Fervor","Passive"
"889","Lord Commander","Passive"
"890","Holy Cause","Passive"
"891","Phalanx","Stampede"
"892","Shield Glare","Divine Verdict"
"893","Steed Charge","Endurance"
"894","Laws of Valor","Unstoppable Force"
"895","Provoke","Charged Up"
"896","Akarat's Champion","Prophet"
"897","Heavenly Strength","Passive"
"898","Lord Commander","Passive"
"899","Long Arm of the Law","Passive"
"900","Finery","Passive"
"901","Phalanx","Stampede"
"902","Iron Skin","Steel Skin"
"903","Steed Charge","Endurance"
"904","Provoke","Charged Up"
"905","Laws of Valor","Unstoppable Force"
"906","Akarat's Champion","Prophet"
"907","Heavenly Strength","Passive"
"908","Lord Commander","Passive"
"909","Long Arm of the Law","Passive"
"910","Finery","Passive"
"911","Phalanx","Stampede"
"912","Iron Skin","Steel Skin"
"913","Provoke","Charged Up"
"914","Akarat's Champion","Prophet"
"915","Laws of Valor","Unstoppable Force"
"916","Steed Charge","Endurance"
"917","Heavenly Strength","Passive"
"918","Holy Cause","Passive"
"919","Lord Commander","Passive"
"920","Finery","Passive"
"921","Phalanx","Stampede"
"922","Iron Skin","Steel Skin"
"923","Akarat's Champion","Prophet"
"924","Steed Charge","Endurance"
"925","Provoke","Charged Up"
"926","Laws of Valor","Unstoppable Force"
"927","Heavenly Strength","Passive"
"928","Long Arm of the Law","Passive"
"929","Finery","Passive"
"930","Lord Commander","Passive"
"931","Phalanx","Stampede"
"932","Iron Skin","Steel Skin"
"933","Akarat's Champion","Prophet"
"934","Steed Charge","Endurance"
"935","Provoke","Charged Up"
"936","Laws of Valor","Unstoppable Force"
"937","Finery","Passive"
"938","Heavenly Strength","Passive"
"939","Lord Commander","Passive"
"940","Long Arm of the Law","Passive"
"941","Phalanx","Stampede"
"942","Akarat's Champion","Prophet"
"943","Steed Charge","Endurance"
"944","Iron Skin","Steel Skin"
"945","Laws of Valor","Unstoppable Force"
"946","Provoke","Charged Up"
"947","Heavenly Strength","Passive"
"948","Lord Commander","Passive"
"949","Long Arm of the Law","Passive"
"950","Finery","Passive"
"951","Phalanx","Stampede"
"952","Iron Skin","Steel Skin"
"953","Steed Charge","Endurance"
"954","Provoke","Charged Up"
"955","Laws of Valor","Unstoppable Force"
"956","Akarat's Champion","Prophet"
"957","Finery","Passive"
"958","Heavenly Strength","Passive"
"959","Lord Commander","Passive"
"960","Long Arm of the Law","Passive"
"961","Shield Glare","Divine Verdict"
"962","Akarat's Champion","Prophet"
"963","Condemn","Vacuum"
"964","Judgment","Resolved"
"965","Laws of Valor","Critical"
"966","Iron Skin","Steel Skin"
"967","Fervor","Passive"
"968","Towering Shield","Passive"
"969","Indestructible","Passive"
"970","Long Arm of the Law","Passive"
"971","Smite","Surge"
"972","Phalanx","Stampede"
"973","Akarat's Champion","Prophet"
"974","Provoke","Charged Up"
"975","Steed Charge","Endurance"
"976","Laws of Valor","Unstoppable Force"
"977","Heavenly Strength","Passive"
"978","Long Arm of the Law","Passive"
"979","Finery","Passive"
"980","Lord Commander","Passive"
"981","Phalanx","Stampede"
"982","Iron Skin","Steel Skin"
"983","Steed Charge","Endurance"
"984","Provoke","Too Scared to Run"
"985","Laws of Valor","Unstoppable Force"
"986","Akarat's Champion","Prophet"
"987","Heavenly Strength","Passive"
"988","Long Arm of the Law","Passive"
"989","Finery","Passive"
"990","Lord Commander","Passive"
"991","Phalanx","Stampede"
"992","Provoke","Charged Up"
"993","Steed Charge","Endurance"
"994","Akarat's Champion","Prophet"
"995","Iron Skin","Steel Skin"
"996","Laws of Valor","Unstoppable Force"
"997","Long Arm of the Law","Passive"
"998","Finery","Passive"
"999","Lord Commander","Passive"
"1000","Heavenly Strength","Passive"
"1001","Steed Charge","Draw and Quarter"
"1002","Judgment","Resolved"
"1003","Laws of Valor","Critical"
"1004","Shield Glare","Divine Verdict"
"1005","Condemn","Vacuum"
"1006","Akarat's Champion","Prophet"
"1007","Fervor","Passive"
"1008","Towering Shield","Passive"
"1009","Long Arm of the Law","Passive"
"1010","Indestructible","Passive"
"1011","Phalanx","Stampede"
"1012","Iron Skin","Steel Skin"
"1013","Steed Charge","Endurance"
"1014","Provoke","Charged Up"
"1015","Laws of Valor","Unstoppable Force"
"1016","Akarat's Champion","Prophet"
"1017","Long Arm of the Law","Passive"
"1018","Lord Commander","Passive"
"1019","Finery","Passive"
"1020","Holy Cause","Passive"
"1021","Shield Glare","Divine Verdict"
"1022","Judgment","Resolved"
"1023","Laws of Valor","Critical"
"1024","Steed Charge","Draw and Quarter"
"1025","Condemn","Vacuum"
"1026","Akarat's Champion","Prophet"
"1027","Fervor","Passive"
"1028","Towering Shield","Passive"
"1029","Long Arm of the Law","Passive"
"1030","Indestructible","Passive"
"1031","Phalanx","Stampede"
"1032","Iron Skin","Steel Skin"
"1033","Steed Charge","Endurance"
"1034","Laws of Valor","Unstoppable Force"
"1035","Provoke","Charged Up"
"1036","Akarat's Champion","Prophet"
"1037","Heavenly Strength","Passive"
"1038","Long Arm of the Law","Passive"
"1039","Lord Commander","Passive"
"1040","Finery","Passive"
"1041","Phalanx","Stampede"
"1042","Provoke","Charged Up"
"1043","Akarat's Champion","Prophet"
"1044","Steed Charge","Endurance"
"1045","Iron Skin","Steel Skin"
"1046","Laws of Valor","Unstoppable Force"
"1047","Finery","Passive"
"1048","Long Arm of the Law","Passive"
"1049","Heavenly Strength","Passive"
"1050","Lord Commander","Passive"
"1051","Blessed Shield","Shattering Throw"
"1052","Steed Charge","Endurance"
"1053","Akarat's Champion","Prophet"
"1054","Phalanx","Bowmen"
"1055","Laws of Valor","Critical"
"1056","Shield Glare","Divine Verdict"
"1057","Heavenly Strength","Passive"
"1058","Finery","Passive"
"1059","Indestructible","Passive"
"1060","Lord Commander","Passive"
"1061","Steed Charge","Endurance"
"1062","Phalanx","Stampede"
"1063","Provoke","Charged Up"
"1064","Laws of Valor","Unstoppable Force"
"1065","Iron Skin","Steel Skin"
"1066","Akarat's Champion","Prophet"
"1067","Heavenly Strength","Passive"
"1068","Lord Commander","Passive"
"1069","Finery","Passive"
"1070","Long Arm of the Law","Passive"
"1071","Phalanx","Stampede"
"1072","Akarat's Champion","Prophet"
"1073","Iron Skin","Flash"
"1074","Steed Charge","Endurance"
"1075","Laws of Valor","Unstoppable Force"
"1076","Provoke","Charged Up"
"1077","Heavenly Strength","Passive"
"1078","Finery","Passive"
"1079","Long Arm of the Law","Passive"
"1080","Indestructible","Passive"
"1081","Phalanx","Stampede"
"1082","Akarat's Champion","Prophet"
"1083","Iron Skin","Steel Skin"
"1084","Provoke","Cleanse"
"1085","Laws of Valor","Unstoppable Force"
"1086","Steed Charge","Endurance"
"1087","Indestructible","Passive"
"1088","Long Arm of the Law","Passive"
"1089","Heavenly Strength","Passive"
"1090","Lord Commander","Passive"
"1091","Phalanx","Stampede"
"1092","Iron Skin","Flash"
"1093","Steed Charge","Endurance"
"1094","Laws of Valor","Unstoppable Force"
"1095","Akarat's Champion","Prophet"
"1096","Provoke","Charged Up"
"1097","Heavenly Strength","Passive"
"1098","Long Arm of the Law","Passive"
"1099","Lord Commander","Passive"
"1100","Finery","Passive"
"1101","Shield Glare","Divine Verdict"
"1102","Phalanx","Stampede"
"1103","Steed Charge","Endurance"
"1104","Provoke","Too Scared to Run"
"1105","Laws of Valor","Critical"
"1106","Akarat's Champion","Prophet"
"1107","Heavenly Strength","Passive"
"1108","Lord Commander","Passive"
"1109","Finery","Passive"
"1110","Indestructible","Passive"
"1111","Phalanx","Stampede"
"1112","Iron Skin","Steel Skin"
"1113","Laws of Valor","Unstoppable Force"
"1114","Steed Charge","Endurance"
"1115","Provoke","Too Scared to Run"
"1116","Akarat's Champion","Prophet"
"1117","Long Arm of the Law","Passive"
"1118","Finery","Passive"
"1119","Heavenly Strength","Passive"
"1120","Lord Commander","Passive"
"1121","Phalanx","Stampede"
"1122","Iron Skin","Steel Skin"
"1123","Steed Charge","Endurance"
"1124","Akarat's Champion","Prophet"
"1125","Laws of Valor","Unstoppable Force"
"1126","Provoke","Too Scared to Run"
"1127","Finery","Passive"
"1128","Heavenly Strength","Passive"
"1129","Lord Commander","Passive"
"1130","Long Arm of the Law","Passive"
"1131","Phalanx","Stampede"
"1132","Akarat's Champion","Prophet"
"1133","Provoke","Too Scared to Run"
"1134","Laws of Valor","Unstoppable Force"
"1135","Iron Skin","Steel Skin"
"1136","Steed Charge","Endurance"
"1137","Holy Cause","Passive"
"1138","Heavenly Strength","Passive"
"1139","Finery","Passive"
"1140","Long Arm of the Law","Passive"
"1141","Phalanx","Stampede"
"1142","Akarat's Champion","Prophet"
"1143","Steed Charge","Endurance"
"1144","Provoke","Too Scared to Run"
"1145","Iron Skin","Steel Skin"
"1146","Laws of Valor","Unstoppable Force"
"1147","Heavenly Strength","Passive"
"1148","Finery","Passive"
"1149","Lord Commander","Passive"
"1150","Long Arm of the Law","Passive"
"1151","Phalanx","Stampede"
"1152","Steed Charge","Endurance"
"1153","Akarat's Champion","Prophet"
"1154","Provoke","Charged Up"
"1155","Laws of Valor","Unstoppable Force"
"1156","Iron Skin","Steel Skin"
"1157","Heavenly Strength","Passive"
"1158","Finery","Passive"
"1159","Long Arm of the Law","Passive"
"1160","Lord Commander","Passive"
"1161","Phalanx","Stampede"
"1162","Iron Skin","Steel Skin"
"1163","Steed Charge","Endurance"
"1164","Laws of Valor","Unstoppable Force"
"1165","Provoke","Too Scared to Run"
"1166","Akarat's Champion","Prophet"
"1167","Finery","Passive"
"1168","Heavenly Strength","Passive"
"1169","Long Arm of the Law","Passive"
"1170","Lord Commander","Passive"
"1171","Phalanx","Stampede"
"1172","Provoke","Too Scared to Run"
"1173","Akarat's Champion","Prophet"
"1174","Iron Skin","Steel Skin"
"1175","Laws of Valor","Unstoppable Force"
"1176","Steed Charge","Endurance"
"1177","Heavenly Strength","Passive"
"1178","Lord Commander","Passive"
"1179","Finery","Passive"
"1180","Long Arm of the Law","Passive"
"1181","Phalanx","Stampede"
"1182","Steed Charge","Endurance"
"1183","Laws of Valor","Unstoppable Force"
"1184","Iron Skin","Steel Skin"
"1185","Provoke","Too Scared to Run"
"1186","Akarat's Champion","Prophet"
"1187","Heavenly Strength","Passive"
"1188","Lord Commander","Passive"
"1189","Long Arm of the Law","Passive"
"1190","Finery","Passive"
"1191","Phalanx","Stampede"
"1192","Provoke","Charged Up"
"1193","Akarat's Champion","Embodiment of Power"
"1194","Laws of Valor","Critical"
"1195","Steed Charge","Endurance"
"1196","Iron Skin","Steel Skin"
"1197","Heavenly Strength","Passive"
"1198","Lord Commander","Passive"
"1199","Finery","Passive"
"1200","Long Arm of the Law","Passive"
"1201","Phalanx","Stampede"
"1202","Iron Skin","Steel Skin"
"1203","Steed Charge","Endurance"
"1204","Provoke","Charged Up"
"1205","Akarat's Champion","Prophet"
"1206","Laws of Valor","Unstoppable Force"
"1207","Finery","Passive"
"1208","Long Arm of the Law","Passive"
"1209","Heavenly Strength","Passive"
"1210","Lord Commander","Passive"
"1211","Phalanx","Stampede"
"1212","Iron Skin","Steel Skin"
"1213","Steed Charge","Endurance"
"1214","Akarat's Champion","Prophet"
"1215","Laws of Valor","Unstoppable Force"
"1216","Provoke","Charged Up"
"1217","Heavenly Strength","Passive"
"1218","Long Arm of the Law","Passive"
"1219","Lord Commander","Passive"
"1220","Finery","Passive"
"1221","Steed Charge","Endurance"
"1222","Phalanx","Stampede"
"1223","Iron Skin","Steel Skin"
"1224","Provoke","Charged Up"
"1225","Laws of Valor","Unstoppable Force"
"1226","Akarat's Champion","Prophet"
"1227","Long Arm of the Law","Passive"
"1228","Heavenly Strength","Passive"
"1229","Lord Commander","Passive"
"1230","Finery","Passive"
"1231","Judgment","Resolved"
"1232","Steed Charge","Draw and Quarter"
"1233","Condemn","Vacuum"
"1234","Shield Glare","Divine Verdict"
"1235","Laws of Valor","Critical"
"1236","Akarat's Champion","Prophet"
"1237","Towering Shield","Passive"
"1238","Long Arm of the Law","Passive"
"1239","Fervor","Passive"
"1240","Indestructible","Passive"
"1241","Phalanx","Stampede"
"1242","Shield Glare","Divine Verdict"
"1243","Steed Charge","Endurance"
"1244","Laws of Hope","Wings of Angels"
"1245","Provoke","Too Scared to Run"
"1246","Akarat's Champion","Prophet"
"1247","Finery","Passive"
"1248","Heavenly Strength","Passive"
"1249","Lord Commander","Passive"
"1250","Long Arm of the Law","Passive"
"1251","Phalanx","Stampede"
"1252","Iron Skin","Steel Skin"
"1253","Laws of Valor","Unstoppable Force"
"1254","Provoke","Too Scared to Run"
"1255","Akarat's Champion","Prophet"
"1256","Steed Charge","Endurance"
"1257","Finery","Passive"
"1258","Heavenly Strength","Passive"
"1259","Long Arm of the Law","Passive"
"1260","Lord Commander","Passive"
"1261","Sweep Attack","Trip Attack"
"1262","Steed Charge","Endurance"
"1263","Phalanx","Bowmen"
"1264","Iron Skin","Steel Skin"
"1265","Laws of Valor","Critical"
"1266","Akarat's Champion","Prophet"
"1267","Wrathful","Passive"
"1268","Lord Commander","Passive"
"1269","Heavenly Strength","Passive"
"1270","Finery","Passive"
"1271","Phalanx","Stampede"
"1272","Shield Glare","Divine Verdict"
"1273","Laws of Valor","Unstoppable Force"
"1274","Akarat's Champion","Prophet"
"1275","Provoke","Too Scared to Run"
"1276","Steed Charge","Endurance"
"1277","Heavenly Strength","Passive"
"1278","Finery","Passive"
"1279","Lord Commander","Passive"
"1280","Long Arm of the Law","Passive"
"1281","Sweep Attack","Holy Shock"
"1282","Steed Charge","Endurance"
"1283","Laws of Valor","Critical"
"1284","Phalanx","Bowmen"
"1285","Provoke","Charged Up"
"1286","Akarat's Champion","Prophet"
"1287","Heavenly Strength","Passive"
"1288","Lord Commander","Passive"
"1289","Finery","Passive"
"1290","Long Arm of the Law","Passive"
"1291","Phalanx","Stampede"
"1292","Steed Charge","Endurance"
"1293","Iron Skin","Steel Skin"
"1294","Provoke","Charged Up"
"1295","Laws of Valor","Unstoppable Force"
"1296","Akarat's Champion","Prophet"
"1297","Finery","Passive"
"1298","Long Arm of the Law","Passive"
"1299","Holy Cause","Passive"
"1300","Lord Commander","Passive"
"1301","Shield Bash","Shield Cross"
"1302","Shield Glare","Divine Verdict"
"1303","Provoke","Too Scared to Run"
"1304","Steed Charge","Endurance"
"1305","Laws of Valor","Critical"
"1306","Akarat's Champion","Prophet"
"1307","Heavenly Strength","Passive"
"1308","Towering Shield","Passive"
"1309","Long Arm of the Law","Passive"
"1310","Finery","Passive"
"1311","Phalanx","Stampede"
"1312","Akarat's Champion","Prophet"
"1313","Provoke","Too Scared to Run"
"1314","Steed Charge","Endurance"
"1315","Laws of Valor","Unstoppable Force"
"1316","Iron Skin","Steel Skin"
"1317","Heavenly Strength","Passive"
"1318","Finery","Passive"
"1319","Lord Commander","Passive"
"1320","Long Arm of the Law","Passive"
"1321","Phalanx","Stampede"
"1322","Steed Charge","Endurance"
"1323","Provoke","Charged Up"
"1324","Laws of Valor","Unstoppable Force"
"1325","Akarat's Champion","Prophet"
"1326","Iron Skin","Steel Skin"
"1327","Lord Commander","Passive"
"1328","Finery","Passive"
"1329","Fervor","Passive"
"1330","Long Arm of the Law","Passive"
"1331","Phalanx","Stampede"
"1332","Iron Skin","Steel Skin"
"1333","Laws of Valor","Unstoppable Force"
"1334","Steed Charge","Endurance"
"1335","Provoke","Charged Up"
"1336","Akarat's Champion","Prophet"
"1337","Heavenly Strength","Passive"
"1338","Long Arm of the Law","Passive"
"1339","Lord Commander","Passive"
"1340","Finery","Passive"
"1341","Phalanx","Stampede"
"1342","Steed Charge","Endurance"
"1343","Provoke","Charged Up"
"1344","Iron Skin","Steel Skin"
"1345","Laws of Valor","Unstoppable Force"
"1346","Akarat's Champion","Prophet"
"1347","Heavenly Strength","Passive"
"1348","Long Arm of the Law","Passive"
"1349","Lord Commander","Passive"
"1350","Finery","Passive"
"1351","Phalanx","Stampede"
"1352","Akarat's Champion","Prophet"
"1353","Laws of Valor","Unstoppable Force"
"1354","Iron Skin","Steel Skin"
"1355","Provoke","Too Scared to Run"
"1356","Steed Charge","Endurance"
"1357","Heavenly Strength","Passive"
"1358","Finery","Passive"
"1359","Long Arm of the Law","Passive"
"1360","Lord Commander","Passive"
"1361","Phalanx","Stampede"
"1362","Iron Skin","Steel Skin"
"1363","Akarat's Champion","Prophet"
"1364","Provoke","Too Scared to Run"
"1365","Laws of Valor","Unstoppable Force"
"1366","Steed Charge","Endurance"
"1367","Heavenly Strength","Passive"
"1368","Lord Commander","Passive"
"1369","Finery","Passive"
"1370","Long Arm of the Law","Passive"
"1371","Phalanx","Stampede"
"1372","Iron Skin","Steel Skin"
"1373","Steed Charge","Endurance"
"1374","Provoke","Too Scared to Run"
"1375","Laws of Valor","Unstoppable Force"
"1376","Akarat's Champion","Prophet"
"1377","Lord Commander","Passive"
"1378","Heavenly Strength","Passive"
"1379","Long Arm of the Law","Passive"
"1380","Finery","Passive"
"1381","Shield Glare","Divine Verdict"
"1382","Condemn","Vacuum"
"1383","Steed Charge","Draw and Quarter"
"1384","Judgment","Resolved"
"1385","Akarat's Champion","Prophet"
"1386","Laws of Valor","Critical"
"1387","Fervor","Passive"
"1388","Towering Shield","Passive"
"1389","Long Arm of the Law","Passive"
"1390","Indestructible","Passive"
"1391","Shield Bash","Shield Cross"
"1392","Steed Charge","Endurance"
"1393","Laws of Valor","Unstoppable Force"
"1394","Shield Glare","Divine Verdict"
"1395","Provoke","Too Scared to Run"
"1396","Akarat's Champion","Embodiment of Power"
"1397","Heavenly Strength","Passive"
"1398","Finery","Passive"
"1399","Indestructible","Passive"
"1400","Holy Cause","Passive"
"1401","Phalanx","Stampede"
"1402","Iron Skin","Steel Skin"
"1403","Steed Charge","Endurance"
"1404","Provoke","Too Scared to Run"
"1405","Laws of Valor","Unstoppable Force"
"1406","Akarat's Champion","Prophet"
"1407","Lord Commander","Passive"
"1408","Long Arm of the Law","Passive"
"1409","Heavenly Strength","Passive"
"1410","Finery","Passive"
"1411","Phalanx","Stampede"
"1412","Iron Skin","Steel Skin"
"1413","Steed Charge","Endurance"
"1414","Provoke","Too Scared to Run"
"1415","Laws of Valor","Unstoppable Force"
"1416","Akarat's Champion","Prophet"
"1417","Heavenly Strength","Passive"
"1418","Long Arm of the Law","Passive"
"1419","Finery","Passive"
"1420","Lord Commander","Passive"
"1421","Phalanx","Bowmen"
"1422","Akarat's Champion","Prophet"
"1423","Judgment","Resolved"
"1424","Iron Skin","Steel Skin"
"1425","Shield Glare","Divine Verdict"
"1426","Laws of Valor","Critical"
"1427","Finery","Passive"
"1428","Holy Cause","Passive"
"1429","Lord Commander","Passive"
"1430","Heavenly Strength","Passive"
"1431","Phalanx","Stampede"
"1432","Iron Skin","Explosive Skin"
"1433","Steed Charge","Endurance"
"1434","Provoke","Charged Up"
"1435","Laws of Valor","Unstoppable Force"
"1436","Akarat's Champion","Prophet"
"1437","Indestructible","Passive"
"1438","Heavenly Strength","Passive"
"1439","Finery","Passive"
"1440","Long Arm of the Law","Passive"
"1441","Phalanx","Stampede"
"1442","Provoke","Charged Up"
"1443","Iron Skin","Flash"
"1444","Steed Charge","Endurance"
"1445","Laws of Valor","Critical"
"1446","Akarat's Champion","Embodiment of Power"
"1447","Long Arm of the Law","Passive"
"1448","Holy Cause","Passive"
"1449","Finery","Passive"
"1450","Lord Commander","Passive"
"1451","Slash","Zeal"
"1452","Condemn","Eternal Retaliation"
"1453","Iron Skin","Steel Skin"
"1454","Steed Charge","Endurance"
"1455","Akarat's Champion","Prophet"
"1456","Laws of Valor","Unstoppable Force"
"1457","Holy Cause","Passive"
"1458","Finery","Passive"
"1459","Long Arm of the Law","Passive"
"1460","Heavenly Strength","Passive"
"1461","Shield Glare","Divine Verdict"
"1462","Judgment","Resolved"
"1463","Steed Charge","Draw and Quarter"
"1464","Condemn","Vacuum"
"1465","Laws of Valor","Critical"
"1466","Akarat's Champion","Prophet"
"1467","Indestructible","Passive"
"1468","Long Arm of the Law","Passive"
"1469","Fervor","Passive"
"1470","Towering Shield","Passive"
"1471","Phalanx","Stampede"
"1472","Provoke","Too Scared to Run"
"1473","Steed Charge","Endurance"
"1474","Iron Skin","Steel Skin"
"1475","Laws of Valor","Unstoppable Force"
"1476","Akarat's Champion","Prophet"
"1477","Holy Cause","Passive"
"1478","Lord Commander","Passive"
"1479","Finery","Passive"
"1480","Long Arm of the Law","Passive"
"1481","Shield Glare","Divine Verdict"
"1482","Akarat's Champion","Prophet"
"1483","Judgment","Resolved"
"1484","Laws of Valor","Critical"
"1485","Condemn","Vacuum"
"1486","Provoke","Hit Me"
"1487","Fervor","Passive"
"1488","Long Arm of the Law","Passive"
"1489","Towering Shield","Passive"
"1490","Indestructible","Passive"
"1491","Phalanx","Stampede"
"1492","Iron Skin","Steel Skin"
"1493","Steed Charge","Endurance"
"1494","Provoke","Too Scared to Run"
"1495","Laws of Valor","Unstoppable Force"
"1496","Akarat's Champion","Prophet"
"1497","Heavenly Strength","Passive"
"1498","Holy Cause","Passive"
"1499","Finery","Passive"
"1500","Lord Commander","Passive"
"1501","Heaven's Fury","Fires of Heaven"
"1502","Steed Charge","Endurance"
"1503","Provoke","Too Scared to Run"
"1504","Shield Glare","Divine Verdict"
"1505","Akarat's Champion","Prophet"
"1506","Laws of Valor","Unstoppable Force"
"1507","Heavenly Strength","Passive"
"1508","Long Arm of the Law","Passive"
"1509","Finery","Passive"
"1510","Holy Cause","Passive"
"1511","Phalanx","Stampede"
"1512","Laws of Valor","Unstoppable Force"
"1513","Iron Skin","Steel Skin"
"1514","Provoke","Hit Me"
"1515","Steed Charge","Endurance"
"1516","Akarat's Champion","Prophet"
"1517","Heavenly Strength","Passive"
"1518","Long Arm of the Law","Passive"
"1519","Finery","Passive"
"1520","Lord Commander","Passive"
"1521","Shield Bash","Shield Cross"
"1522","Steed Charge","Endurance"
"1523","Iron Skin","Steel Skin"
"1524","Phalanx","Bowmen"
"1525","Akarat's Champion","Hasteful"
"1526","Laws of Valor","Unstoppable Force"
"1527","Long Arm of the Law","Passive"
"1528","Lord Commander","Passive"
"1529","Finery","Passive"
"1530","Fervor","Passive"
"1531","Phalanx","Stampede"
"1532","Steed Charge","Endurance"
"1533","Shield Glare","Divine Verdict"
"1534","Provoke","Too Scared to Run"
"1535","Laws of Valor","Unstoppable Force"
"1536","Akarat's Champion","Prophet"
"1537","Heavenly Strength","Passive"
"1538","Lord Commander","Passive"
"1539","Long Arm of the Law","Passive"
"1540","Finery","Passive"
"1541","Phalanx","Stampede"
"1542","Iron Skin","Steel Skin"
"1543","Laws of Valor","Unstoppable Force"
"1544","Steed Charge","Endurance"
"1545","Akarat's Champion","Prophet"
"1546","Provoke","Charged Up"
"1547","Finery","Passive"
"1548","Heavenly Strength","Passive"
"1549","Lord Commander","Passive"
"1550","Long Arm of the Law","Passive"
"1551","Phalanx","Stampede"
"1552","Shield Glare","Divine Verdict"
"1553","Steed Charge","Endurance"
"1554","Akarat's Champion","Prophet"
"1555","Laws of Valor","Unstoppable Force"
"1556","Provoke","Charged Up"
"1557","Heavenly Strength","Passive"
"1558","Finery","Passive"
"1559","Long Arm of the Law","Passive"
"1560","Lord Commander","Passive"
"1561","Phalanx","Stampede"
"1562","Akarat's Champion","Prophet"
"1563","Iron Skin","Steel Skin"
"1564","Provoke","Charged Up"
"1565","Laws of Valor","Unstoppable Force"
"1566","Steed Charge","Endurance"
"1567","Heavenly Strength","Passive"
"1568","Long Arm of the Law","Passive"
"1569","Finery","Passive"
"1570","Lord Commander","Passive"
"1571","Phalanx","Stampede"
"1572","Steed Charge","Endurance"
"1573","Iron Skin","Steel Skin"
"1574","Provoke","Too Scared to Run"
"1575","Laws of Valor","Unstoppable Force"
"1576","Akarat's Champion","Prophet"
"1577","Long Arm of the Law","Passive"
"1578","Lord Commander","Passive"
"1579","Heavenly Strength","Passive"
"1580","Finery","Passive"
"1581","Phalanx","Stampede"
"1582","Provoke","Too Scared to Run"
"1583","Steed Charge","Endurance"
"1584","Iron Skin","Steel Skin"
"1585","Laws of Valor","Unstoppable Force"
"1586","Akarat's Champion","Prophet"
"1587","Lord Commander","Passive"
"1588","Finery","Passive"
"1589","Long Arm of the Law","Passive"
"1590","Heavenly Strength","Passive"
"1591","Phalanx","Stampede"
"1592","Akarat's Champion","Prophet"
"1593","Laws of Valor","Unstoppable Force"
"1594","Steed Charge","Endurance"
"1595","Iron Skin","Steel Skin"
"1596","Provoke","Too Scared to Run"
"1597","Long Arm of the Law","Passive"
"1598","Lord Commander","Passive"
"1599","Heavenly Strength","Passive"
"1600","Finery","Passive"
"1601","Phalanx","Stampede"
"1602","Iron Skin","Steel Skin"
"1603","Laws of Valor","Unstoppable Force"
"1604","Steed Charge","Endurance"
"1605","Provoke","Charged Up"
"1606","Akarat's Champion","Prophet"
"1607","Lord Commander","Passive"
"1608","Heavenly Strength","Passive"
"1609","Finery","Passive"
"1610","Long Arm of the Law","Passive"
"1611","Judgment","Resolved"
"1612","Condemn","Vacuum"
"1613","Akarat's Champion","Prophet"
"1614","Shield Glare","Divine Verdict"
"1615","Iron Skin","Steel Skin"
"1616","Laws of Valor","Critical"
"1617","Indestructible","Passive"
"1618","Long Arm of the Law","Passive"
"1619","Towering Shield","Passive"
"1620","Fervor","Passive"
"1621","Phalanx","Stampede"
"1622","Shield Glare","Divine Verdict"
"1623","Steed Charge","Endurance"
"1624","Provoke","Charged Up"
"1625","Laws of Valor","Critical"
"1626","Akarat's Champion","Prophet"
"1627","Heavenly Strength","Passive"
"1628","Long Arm of the Law","Passive"
"1629","Lord Commander","Passive"
"1630","Finery","Passive"
"1631","Phalanx","Stampede"
"1632","Iron Skin","Steel Skin"
"1633","Provoke","Too Scared to Run"
"1634","Steed Charge","Rejuvenation"
"1635","Akarat's Champion","Prophet"
"1636","Laws of Valor","Unstoppable Force"
"1637","Wrathful","Passive"
"1638","Finery","Passive"
"1639","Lord Commander","Passive"
"1640","Long Arm of the Law","Passive"
"1641","Phalanx","Stampede"
"1642","Steed Charge","Endurance"
"1643","Iron Skin","Steel Skin"
"1644","Provoke","Charged Up"
"1645","Laws of Valor","Unstoppable Force"
"1646","Akarat's Champion","Prophet"
"1647","Heavenly Strength","Passive"
"1648","Finery","Passive"
"1649","Lord Commander","Passive"
"1650","Long Arm of the Law","Passive"
"1651","Phalanx","Stampede"
"1652","Provoke","Too Scared to Run"
"1653","Steed Charge","Endurance"
"1654","Akarat's Champion","Prophet"
"1655","Iron Skin","Steel Skin"
"1656","Laws of Valor","Unstoppable Force"
"1657","Lord Commander","Passive"
"1658","Heavenly Strength","Passive"
"1659","Long Arm of the Law","Passive"
"1660","Finery","Passive"
"1661","Phalanx","Stampede"
"1662","Steed Charge","Endurance"
"1663","Akarat's Champion","Prophet"
"1664","Provoke","Charged Up"
"1665","Iron Skin","Steel Skin"
"1666","Laws of Valor","Unstoppable Force"
"1667","Heavenly Strength","Passive"
"1668","Finery","Passive"
"1669","Long Arm of the Law","Passive"
"1670","Lord Commander","Passive"
"1671","Phalanx","Stampede"
"1672","Akarat's Champion","Prophet"
"1673","Provoke","Too Scared to Run"
"1674","Steed Charge","Endurance"
"1675","Shield Glare","Divine Verdict"
"1676","Laws of Valor","Unstoppable Force"
"1677","Heavenly Strength","Passive"
"1678","Long Arm of the Law","Passive"
"1679","Finery","Passive"
"1680","Lord Commander","Passive"
"1681","Phalanx","Stampede"
"1682","Iron Skin","Steel Skin"
"1683","Steed Charge","Nightmare"
"1684","Provoke","Too Scared to Run"
"1685","Laws of Valor","Unstoppable Force"
"1686","Akarat's Champion","Prophet"
"1687","Heavenly Strength","Passive"
"1688","Lord Commander","Passive"
"1689","Long Arm of the Law","Passive"
"1690","Finery","Passive"
"1691","Phalanx","Stampede"
"1692","Iron Skin","Steel Skin"
"1693","Akarat's Champion","Prophet"
"1694","Steed Charge","Endurance"
"1695","Laws of Valor","Unstoppable Force"
"1696","Provoke","Charged Up"
"1697","Fervor","Passive"
"1698","Finery","Passive"
"1699","Lord Commander","Passive"
"1700","Long Arm of the Law","Passive"
"1701","Phalanx","Stampede"
"1702","Provoke","Too Scared to Run"
"1703","Laws of Valor","Unstoppable Force"
"1704","Iron Skin","Steel Skin"
"1705","Akarat's Champion","Prophet"
"1706","Steed Charge","Endurance"
"1707","Long Arm of the Law","Passive"
"1708","Heavenly Strength","Passive"
"1709","Lord Commander","Passive"
"1710","Finery","Passive"
"1711","Phalanx","Stampede"
"1712","Iron Skin","Steel Skin"
"1713","Laws of Valor","Unstoppable Force"
"1714","Akarat's Champion","Prophet"
"1715","Steed Charge","Endurance"
"1716","Provoke","Charged Up"
"1717","Long Arm of the Law","Passive"
"1718","Finery","Passive"
"1719","Holy Cause","Passive"
"1720","Lord Commander","Passive"
"1721","Phalanx","Stampede"
"1722","Akarat's Champion","Prophet"
"1723","Steed Charge","Endurance"
"1724","Provoke","Charged Up"
"1725","Shield Glare","Divine Verdict"
"1726","Laws of Valor","Unstoppable Force"
"1727","Long Arm of the Law","Passive"
"1728","Heavenly Strength","Passive"
"1729","Indestructible","Passive"
"1730","Lord Commander","Passive"
"1731","Blessed Shield","Shattering Throw"
"1732","Akarat's Champion","Hasteful"
"1733","Steed Charge","Endurance"
"1734","Iron Skin","Steel Skin"
"1735","Laws of Valor","Critical"
"1736","Phalanx","Bowmen"
"1737","Heavenly Strength","Passive"
"1738","Long Arm of the Law","Passive"
"1739","Lord Commander","Passive"
"1740","Finery","Passive"
"1741","Phalanx","Stampede"
"1742","Akarat's Champion","Prophet"
"1743","Steed Charge","Endurance"
"1744","Provoke","Charged Up"
"1745","Iron Skin","Steel Skin"
"1746","Laws of Valor","Unstoppable Force"
"1747","Heavenly Strength","Passive"
"1748","Indestructible","Passive"
"1749","Holy Cause","Passive"
"1750","Finery","Passive"
"1751","Phalanx","Stampede"
"1752","Shield Glare","Divine Verdict"
"1753","Laws of Hope","Wings of Angels"
"1754","Akarat's Champion","Prophet"
"1755","Provoke","Charged Up"
"1756","Steed Charge","Endurance"
"1757","Heavenly Strength","Passive"
"1758","Finery","Passive"
"1759","Lord Commander","Passive"
"1760","Long Arm of the Law","Passive"
"1761","Fist of the Heavens","Fissure"
"1762","Phalanx","Bowmen"
"1763","Steed Charge","Endurance"
"1764","Shield Glare","Divine Verdict"
"1765","Laws of Valor","Critical"
"1766","Akarat's Champion","Prophet"
"1767","Heavenly Strength","Passive"
"1768","Finery","Passive"
"1769","Long Arm of the Law","Passive"
"1770","Lord Commander","Passive"
"1771","Phalanx","Stampede"
"1772","Akarat's Champion","Prophet"
"1773","Steed Charge","Endurance"
"1774","Laws of Valor","Unstoppable Force"
"1775","Iron Skin","Steel Skin"
"1776","Provoke","Charged Up"
"1777","Heavenly Strength","Passive"
"1778","Long Arm of the Law","Passive"
"1779","Lord Commander","Passive"
"1780","Finery","Passive"
"1781","Phalanx","Stampede"
"1782","Iron Skin","Steel Skin"
"1783","Provoke","Too Scared to Run"
"1784","Laws of Valor","Unstoppable Force"
"1785","Steed Charge","Endurance"
"1786","Akarat's Champion","Prophet"
"1787","Heavenly Strength","Passive"
"1788","Indestructible","Passive"
"1789","Finery","Passive"
"1790","Lord Commander","Passive"
"1791","Phalanx","Stampede"
"1792","Iron Skin","Steel Skin"
"1793","Provoke","Charged Up"
"1794","Steed Charge","Endurance"
"1795","Laws of Valor","Unstoppable Force"
"1796","Akarat's Champion","Prophet"
"1797","Heavenly Strength","Passive"
"1798","Lord Commander","Passive"
"1799","Holy Cause","Passive"
"1800","Long Arm of the Law","Passive"
"1801","Judgment","Resolved"
"1802","Phalanx","Stampede"
"1803","Steed Charge","Endurance"
"1804","Iron Skin","Steel Skin"
"1805","Laws of Valor","Unstoppable Force"
"1806","Akarat's Champion","Prophet"
"1807","Heavenly Strength","Passive"
"1808","Long Arm of the Law","Passive"
"1809","Lord Commander","Passive"
"1810","Finery","Passive"
"1811","Phalanx","Stampede"
"1812","Iron Skin","Steel Skin"
"1813","Laws of Valor","Unstoppable Force"
"1814","Steed Charge","Endurance"
"1815","Provoke","Charged Up"
"1816","Akarat's Champion","Prophet"
"1817","Heavenly Strength","Passive"
"1818","Long Arm of the Law","Passive"
"1819","Lord Commander","Passive"
"1820","Finery","Passive"
"1821","Phalanx","Stampede"
"1822","Iron Skin","Steel Skin"
"1823","Laws of Valor","Unstoppable Force"
"1824","Provoke","Charged Up"
"1825","Steed Charge","Endurance"
"1826","Akarat's Champion","Prophet"
"1827","Finery","Passive"
"1828","Lord Commander","Passive"
"1829","Long Arm of the Law","Passive"
"1830","Holy Cause","Passive"
"1831","Phalanx","Stampede"
"1832","Iron Skin","Steel Skin"
"1833","Provoke","Too Scared to Run"
"1834","Laws of Valor","Unstoppable Force"
"1835","Steed Charge","Endurance"
"1836","Akarat's Champion","Prophet"
"1837","Long Arm of the Law","Passive"
"1838","Lord Commander","Passive"
"1839","Heavenly Strength","Passive"
"1840","Finery","Passive"
"1841","Judgment","Resolved"
"1842","Condemn","Vacuum"
"1843","Laws of Valor","Critical"
"1844","Iron Skin","Steel Skin"
"1845","Shield Glare","Divine Verdict"
"1846","Akarat's Champion","Prophet"
"1847","Fervor","Passive"
"1848","Indestructible","Passive"
"1849","Long Arm of the Law","Passive"
"1850","Towering Shield","Passive"
"1851","Phalanx","Stampede"
"1852","Steed Charge","Endurance"
"1853","Akarat's Champion","Prophet"
"1854","Shield Glare","Divine Verdict"
"1855","Laws of Valor","Unstoppable Force"
"1856","Provoke","Too Scared to Run"
"1857","Heavenly Strength","Passive"
"1858","Long Arm of the Law","Passive"
"1859","Finery","Passive"
"1860","Lord Commander","Passive"
"1861","Phalanx","Stampede"
"1862","Shield Glare","Divine Verdict"
"1863","Akarat's Champion","Prophet"
"1864","Laws of Valor","Unstoppable Force"
"1865","Provoke","Hit Me"
"1866","Steed Charge","Endurance"
"1867","Heavenly Strength","Passive"
"1868","Lord Commander","Passive"
"1869","Holy Cause","Passive"
"1870","Finery","Passive"
"1871","Phalanx","Stampede"
"1872","Akarat's Champion","Embodiment of Power"
"1873","Provoke","Charged Up"
"1874","Judgment","Resolved"
"1875","Laws of Valor","Critical"
"1876","Steed Charge","Endurance"
"1877","Lord Commander","Passive"
"1878","Indestructible","Passive"
"1879","Heavenly Strength","Passive"
"1880","Long Arm of the Law","Passive"
"1881","Phalanx","Stampede"
"1882","Steed Charge","Endurance"
"1883","Iron Skin","Steel Skin"
"1884","Provoke","Too Scared to Run"
"1885","Akarat's Champion","Prophet"
"1886","Laws of Valor","Unstoppable Force"
"1887","Finery","Passive"
"1888","Lord Commander","Passive"
"1889","Long Arm of the Law","Passive"
"1890","Heavenly Strength","Passive"
"1891","Phalanx","Stampede"
"1892","Akarat's Champion","Prophet"
"1893","Steed Charge","Endurance"
"1894","Judgment","Resolved"
"1895","Provoke","Charged Up"
"1896","Laws of Valor","Critical"
"1897","Heavenly Strength","Passive"
"1898","Long Arm of the Law","Passive"
"1899","Finery","Passive"
"1900","Lord Commander","Passive"
"1901","Phalanx","Stampede"
"1902","Iron Skin","Steel Skin"
"1903","Laws of Valor","Unstoppable Force"
"1904","Steed Charge","Endurance"
"1905","Provoke","Charged Up"
"1906","Akarat's Champion","Prophet"
"1907","Heavenly Strength","Passive"
"1908","Finery","Passive"
"1909","Long Arm of the Law","Passive"
"1910","Lord Commander","Passive"
"1911","Steed Charge","Endurance"
"1912","Phalanx","Stampede"
"1913","Iron Skin","Steel Skin"
"1914","Provoke","Charged Up"
"1915","Laws of Valor","Unstoppable Force"
"1916","Akarat's Champion","Prophet"
"1917","Heavenly Strength","Passive"
"1918","Lord Commander","Passive"
"1919","Long Arm of the Law","Passive"
"1920","Finery","Passive"
"1921","Phalanx","Stampede"
"1922","Iron Skin","Steel Skin"
"1923","Laws of Valor","Critical"
"1924","Akarat's Champion","Prophet"
"1925","Steed Charge","Endurance"
"1926","Provoke","Charged Up"
"1927","Heavenly Strength","Passive"
"1928","Lord Commander","Passive"
"1929","Holy Cause","Passive"
"1930","Finery","Passive"
"1931","Phalanx","Stampede"
"1932","Iron Skin","Steel Skin"
"1933","Provoke","Charged Up"
"1934","Steed Charge","Endurance"
"1935","Laws of Valor","Unstoppable Force"
"1936","Akarat's Champion","Prophet"
"1937","Finery","Passive"
"1938","Heavenly Strength","Passive"
"1939","Lord Commander","Passive"
"1940","Long Arm of the Law","Passive"
"1941","Phalanx","Stampede"
"1942","Akarat's Champion","Prophet"
"1943","Laws of Valor","Unstoppable Force"
"1944","Provoke","Too Scared to Run"
"1945","Steed Charge","Endurance"
"1946","Iron Skin","Steel Skin"
"1947","Heavenly Strength","Passive"
"1948","Finery","Passive"
"1949","Lord Commander","Passive"
"1950","Long Arm of the Law","Passive"
"1951","Phalanx","Stampede"
"1952","Akarat's Champion","Prophet"
"1953","Laws of Valor","Unstoppable Force"
"1954","Iron Skin","Steel Skin"
"1955","Provoke","Too Scared to Run"
"1956","Steed Charge","Endurance"
"1957","Lord Commander","Passive"
"1958","Heavenly Strength","Passive"
"1959","Long Arm of the Law","Passive"
"1960","Finery","Passive"
"1961","Phalanx","Stampede"
"1962","Steed Charge","Endurance"
"1963","Iron Skin","Steel Skin"
"1964","Provoke","Too Scared to Run"
"1965","Laws of Valor","Unstoppable Force"
"1966","Akarat's Champion","Prophet"
"1967","Heavenly Strength","Passive"
"1968","Long Arm of the Law","Passive"
"1969","Lord Commander","Passive"
"1970","Finery","Passive"
"1971","Fist of the Heavens","Fissure"
"1972","Phalanx","Bowmen"
"1973","Bombardment","Impactful Bombardment"
"1974","Steed Charge","Endurance"
"1975","Laws of Valor","Critical"
"1976","Akarat's Champion","Prophet"
"1977","Finery","Passive"
"1978","Long Arm of the Law","Passive"
"1979","Lord Commander","Passive"
"1980","Indestructible","Passive"
"1981","Phalanx","Stampede"
"1982","Iron Skin","Steel Skin"
"1983","Steed Charge","Endurance"
"1984","Provoke","Charged Up"
"1985","Laws of Valor","Unstoppable Force"
"1986","Akarat's Champion","Prophet"
"1987","Finery","Passive"
"1988","Heavenly Strength","Passive"
"1989","Long Arm of the Law","Passive"
"1990","Lord Commander","Passive"
"1991","Phalanx","Stampede"
"1992","Iron Skin","Steel Skin"
"1993","Steed Charge","Endurance"
"1994","Provoke","Charged Up"
"1995","Laws of Valor","Unstoppable Force"
"1996","Akarat's Champion","Prophet"
"1997","Heavenly Strength","Passive"
"1998","Long Arm of the Law","Passive"
"1999","Lord Commander","Passive"
"2000","Finery","Passive"
"2001","Phalanx","Stampede"
"2002","Steed Charge","Nightmare"
"2003","Provoke","Charged Up"
"2004","Akarat's Champion","Prophet"
"2005","Laws of Valor","Unstoppable Force"
"2006","Iron Skin","Flash"
"2007","Long Arm of the Law","Passive"
"2008","Fervor","Passive"
"2009","Holy Cause","Passive"
"2010","Lord Commander","Passive"
"2011","Phalanx","Stampede"
"2012","Akarat's Champion","Prophet"
"2013","Laws of Valor","Unstoppable Force"
"2014","Provoke","Charged Up"
"2015","Iron Skin","Steel Skin"
"2016","Steed Charge","Endurance"
"2017","Heavenly Strength","Passive"
"2018","Finery","Passive"
"2019","Lord Commander","Passive"
"2020","Long Arm of the Law","Passive"
"2021","Phalanx","Stampede"
"2022","Iron Skin","Steel Skin"
"2023","Provoke","Too Scared to Run"
"2024","Steed Charge","Endurance"
"2025","Laws of Valor","Unstoppable Force"
"2026","Akarat's Champion","Prophet"
"2027","Finery","Passive"
"2028","Heavenly Strength","Passive"
"2029","Lord Commander","Passive"
"2030","Long Arm of the Law","Passive"
"2031","Phalanx","Stampede"
"2032","Steed Charge","Endurance"
"2033","Laws of Valor","Unstoppable Force"
"2034","Provoke","Too Scared to Run"
"2035","Iron Skin","Steel Skin"
"2036","Akarat's Champion","Prophet"
"2037","Heavenly Strength","Passive"
"2038","Long Arm of the Law","Passive"
"2039","Lord Commander","Passive"
"2040","Finery","Passive"
"2041","Phalanx","Stampede"
"2042","Steed Charge","Endurance"
"2043","Akarat's Champion","Prophet"
"2044","Iron Skin","Steel Skin"
"2045","Provoke","Cleanse"
"2046","Laws of Valor","Unstoppable Force"
"2047","Heavenly Strength","Passive"
"2048","Lord Commander","Passive"
"2049","Long Arm of the Law","Passive"
"2050","Finery","Passive"
"2051","Phalanx","Stampede"
"2052","Provoke","Too Scared to Run"
"2053","Iron Skin","Steel Skin"
"2054","Steed Charge","Endurance"
"2055","Laws of Valor","Unstoppable Force"
"2056","Akarat's Champion","Prophet"
"2057","Long Arm of the Law","Passive"
"2058","Lord Commander","Passive"
"2059","Holy Cause","Passive"
"2060","Heavenly Strength","Passive"
"2061","Phalanx","Stampede"
"2062","Steed Charge","Endurance"
"2063","Laws of Valor","Unstoppable Force"
"2064","Iron Skin","Steel Skin"
"2065","Akarat's Champion","Prophet"
"2066","Provoke","Charged Up"
"2067","Heavenly Strength","Passive"
"2068","Long Arm of the Law","Passive"
"2069","Lord Commander","Passive"
"2070","Finery","Passive"
"2071","Shield Glare","Zealous Glare"
"2072","Phalanx","Stampede"
"2073","Steed Charge","Endurance"
"2074","Laws of Valor","Unstoppable Force"
"2075","Provoke","Charged Up"
"2076","Akarat's Champion","Prophet"
"2077","Lord Commander","Passive"
"2078","Long Arm of the Law","Passive"
"2079","Finery","Passive"
"2080","Holy Cause","Passive"
"2081","Phalanx","Akarat's Champion"
"2082","Fire Starter","Steed Charge"
"2083","Endurance","Provoke"
"2084","Charged Up","Iron Skin"
"2085","Steel Skin","Laws of Valor"
"2086","Unstoppable Force","Heavenly Strength"
"2087","Lord Commander","Passive"
"2088","Finery","Passive"
"2089","Long Arm of the Law","Passive"
"2090",NA,"Passive"
"2091","Phalanx","Stampede"
"2092","Iron Skin","Steel Skin"
"2093","Akarat's Champion","Prophet"
"2094","Steed Charge","Endurance"
"2095","Laws of Valor","Unstoppable Force"
"2096","Provoke","Charged Up"
"2097","Long Arm of the Law","Passive"
"2098","Lord Commander","Passive"
"2099","Finery","Passive"
"2100","Holy Cause","Passive"
"2101","Phalanx","Stampede"
"2102","Iron Skin","Steel Skin"
"2103","Laws of Valor","Unstoppable Force"
"2104","Steed Charge","Endurance"
"2105","Provoke","Too Scared to Run"
"2106","Akarat's Champion","Prophet"
"2107","Long Arm of the Law","Passive"
"2108","Lord Commander","Passive"
"2109","Finery","Passive"
"2110","Heavenly Strength","Passive"
"2111","Phalanx","Stampede"
"2112","Iron Skin","Steel Skin"
"2113","Laws of Valor","Unstoppable Force"
"2114","Provoke","Charged Up"
"2115","Akarat's Champion","Prophet"
"2116","Steed Charge","Endurance"
"2117","Lord Commander","Passive"
"2118","Heavenly Strength","Passive"
"2119","Long Arm of the Law","Passive"
"2120","Finery","Passive"
"2121","Shield Glare","Divine Verdict"
"2122","Judgment","Resolved"
"2123","Iron Skin","Steel Skin"
"2124","Laws of Valor","Critical"
"2125","Condemn","Vacuum"
"2126","Akarat's Champion","Prophet"
"2127","Fervor","Passive"
"2128","Long Arm of the Law","Passive"
"2129","Indestructible","Passive"
"2130","Vigilant","Passive"
"2131","Punish","Fury"
"2132","Sweep Attack","Trip Attack"
"2133","Steed Charge","Endurance"
"2134","Phalanx","Bowmen"
"2135","Akarat's Champion","Prophet"
"2136","Laws of Valor","Unstoppable Force"
"2137","Finery","Passive"
"2138","Long Arm of the Law","Passive"
"2139","Fanaticism","Passive"
"2140","Heavenly Strength","Passive"
"2141","Phalanx","Stampede"
"2142","Iron Skin","Steel Skin"
"2143","Steed Charge","Endurance"
"2144","Akarat's Champion","Prophet"
"2145","Provoke","Too Scared to Run"
"2146","Laws of Valor","Unstoppable Force"
"2147","Heavenly Strength","Passive"
"2148","Finery","Passive"
"2149","Lord Commander","Passive"
"2150","Long Arm of the Law","Passive"
"2151","Phalanx","Stampede"
"2152","Provoke","Charged Up"
"2153","Steed Charge","Endurance"
"2154","Akarat's Champion","Embodiment of Power"
"2155","Laws of Valor","Unstoppable Force"
"2156","Iron Skin","Flash"
"2157","Long Arm of the Law","Passive"
"2158","Heavenly Strength","Passive"
"2159","Lord Commander","Passive"
"2160","Finery","Passive"
"2161","Phalanx","Stampede"
"2162","Shield Glare","Divine Verdict"
"2163","Provoke","Charged Up"
"2164","Steed Charge","Endurance"
"2165","Laws of Valor","Critical"
"2166","Akarat's Champion","Prophet"
"2167","Heavenly Strength","Passive"
"2168","Long Arm of the Law","Passive"
"2169","Lord Commander","Passive"
"2170","Indestructible","Passive"
"2171","Phalanx","Stampede"
"2172","Provoke","Too Scared to Run"
"2173","Steed Charge","Endurance"
"2174","Laws of Valor","Unstoppable Force"
"2175","Shield Glare","Zealous Glare"
"2176","Akarat's Champion","Prophet"
"2177","Heavenly Strength","Passive"
"2178","Lord Commander","Passive"
"2179","Finery","Passive"
"2180","Long Arm of the Law","Passive"
"2181","Slash","Zeal"
"2182","Provoke","Too Scared to Run"
"2183","Steed Charge","Endurance"
"2184","Condemn","Unleashed"
"2185","Laws of Valor","Critical"
"2186","Akarat's Champion","Prophet"
"2187","Indestructible","Passive"
"2188","Finery","Passive"
"2189","Heavenly Strength","Passive"
"2190","Holy Cause","Passive"
"2191","Shield Glare","Zealous Glare"
"2192","Phalanx","Stampede"
"2193","Akarat's Champion","Embodiment of Power"
"2194","Steed Charge","Endurance"
"2195","Provoke","Charged Up"
"2196","Laws of Valor","Critical"
"2197","Long Arm of the Law","Passive"
"2198","Lord Commander","Passive"
"2199","Finery","Passive"
"2200","Heavenly Strength","Passive"
"2201","Phalanx","Stampede"
"2202","Iron Skin","Steel Skin"
"2203","Akarat's Champion","Prophet"
"2204","Provoke","Too Scared to Run"
"2205","Laws of Valor","Unstoppable Force"
"2206","Steed Charge","Endurance"
"2207","Heavenly Strength","Passive"
"2208","Long Arm of the Law","Passive"
"2209","Lord Commander","Passive"
"2210","Finery","Passive"
"2211","Phalanx","Stampede"
"2212","Provoke","Charged Up"
"2213","Iron Skin","Steel Skin"
"2214","Akarat's Champion","Prophet"
"2215","Laws of Valor","Unstoppable Force"
"2216","Steed Charge","Endurance"
"2217","Heavenly Strength","Passive"
"2218","Finery","Passive"
"2219","Lord Commander","Passive"
"2220","Long Arm of the Law","Passive"
"2221","Phalanx","Stampede"
"2222","Shield Glare","Divine Verdict"
"2223","Provoke","Too Scared to Run"
"2224","Steed Charge","Endurance"
"2225","Laws of Valor","Critical"
"2226","Akarat's Champion","Prophet"
"2227","Heavenly Strength","Passive"
"2228","Lord Commander","Passive"
"2229","Long Arm of the Law","Passive"
"2230","Finery","Passive"
"2231","Phalanx","Stampede"
"2232","Akarat's Champion","Prophet"
"2233","Steed Charge","Endurance"
"2234","Laws of Valor","Unstoppable Force"
"2235","Provoke","Too Scared to Run"
"2236","Iron Skin","Steel Skin"
"2237","Heavenly Strength","Passive"
"2238","Finery","Passive"
"2239","Lord Commander","Passive"
"2240","Long Arm of the Law","Passive"
"2241","Judgment","Resolved"
"2242","Shield Glare","Divine Verdict"
"2243","Condemn","Vacuum"
"2244","Steed Charge","Draw and Quarter"
"2245","Laws of Valor","Critical"
"2246","Akarat's Champion","Prophet"
"2247","Towering Shield","Passive"
"2248","Indestructible","Passive"
"2249","Fervor","Passive"
"2250","Long Arm of the Law","Passive"
"2251","Phalanx","Stampede"
"2252","Steed Charge","Endurance"
"2253","Laws of Valor","Unstoppable Force"
"2254","Iron Skin","Steel Skin"
"2255","Provoke","Too Scared to Run"
"2256","Akarat's Champion","Prophet"
"2257","Heavenly Strength","Passive"
"2258","Finery","Passive"
"2259","Long Arm of the Law","Passive"
"2260","Lord Commander","Passive"
"2261","Phalanx","Stampede"
"2262","Iron Skin","Steel Skin"
"2263","Akarat's Champion","Prophet"
"2264","Steed Charge","Endurance"
"2265","Provoke","Charged Up"
"2266","Laws of Valor","Unstoppable Force"
"2267","Heavenly Strength","Passive"
"2268","Lord Commander","Passive"
"2269","Finery","Passive"
"2270","Long Arm of the Law","Passive"
"2271","Shield Glare","Zealous Glare"
"2272","Heaven's Fury","Fires of Heaven"
"2273","Provoke","Too Scared to Run"
"2274","Akarat's Champion","Prophet"
"2275","Steed Charge","Endurance"
"2276","Laws of Valor","Unstoppable Force"
"2277","Finery","Passive"
"2278","Holy Cause","Passive"
"2279","Heavenly Strength","Passive"
"2280","Long Arm of the Law","Passive"
"2281","Phalanx","Stampede"
"2282","Iron Skin","Steel Skin"
"2283","Laws of Valor","Unstoppable Force"
"2284","Steed Charge","Endurance"
"2285","Provoke","Charged Up"
"2286","Akarat's Champion","Prophet"
"2287","Heavenly Strength","Passive"
"2288","Finery","Passive"
"2289","Lord Commander","Passive"
"2290","Long Arm of the Law","Passive"
"2291","Sweep Attack","Trip Attack"
"2292","Provoke","Charged Up"
"2293","Condemn","Vacuum"
"2294","Steed Charge","Endurance"
"2295","Iron Skin","Steel Skin"
"2296","Laws of Valor","Unstoppable Force"
"2297","Heavenly Strength","Passive"
"2298","Towering Shield","Passive"
"2299","Finery","Passive"
"2300","Holy Cause","Passive"
"2301","Phalanx","Stampede"
"2302","Akarat's Champion","Prophet"
"2303","Iron Skin","Steel Skin"
"2304","Provoke","Charged Up"
"2305","Laws of Valor","Unstoppable Force"
"2306","Steed Charge","Endurance"
"2307","Lord Commander","Passive"
"2308","Long Arm of the Law","Passive"
"2309","Finery","Passive"
"2310","Heavenly Strength","Passive"
"2311","Phalanx","Stampede"
"2312","Iron Skin","Flash"
"2313","Steed Charge","Endurance"
"2314","Provoke","Too Scared to Run"
"2315","Laws of Valor","Unstoppable Force"
"2316","Akarat's Champion","Prophet"
"2317","Heavenly Strength","Passive"
"2318","Finery","Passive"
"2319","Lord Commander","Passive"
"2320","Long Arm of the Law","Passive"
"2321","Phalanx","Stampede"
"2322","Provoke","Too Scared to Run"
"2323","Steed Charge","Endurance"
"2324","Laws of Valor","Unstoppable Force"
"2325","Akarat's Champion","Prophet"
"2326","Iron Skin","Steel Skin"
"2327","Heavenly Strength","Passive"
"2328","Lord Commander","Passive"
"2329","Long Arm of the Law","Passive"
"2330","Finery","Passive"
"2331","Phalanx","Stampede"
"2332","Laws of Valor","Unstoppable Force"
"2333","Akarat's Champion","Prophet"
"2334","Steed Charge","Endurance"
"2335","Provoke","Too Scared to Run"
"2336","Iron Skin","Steel Skin"
"2337","Holy Cause","Passive"
"2338","Long Arm of the Law","Passive"
"2339","Heavenly Strength","Passive"
"2340","Finery","Passive"
"2341","Phalanx","Stampede"
"2342","Provoke","Charged Up"
"2343","Akarat's Champion","Prophet"
"2344","Laws of Valor","Unstoppable Force"
"2345","Shield Glare","Divine Verdict"
"2346","Steed Charge","Endurance"
"2347","Heavenly Strength","Passive"
"2348","Finery","Passive"
"2349","Lord Commander","Passive"
"2350","Holy Cause","Passive"
"2351","Shield Glare","Divine Verdict"
"2352","Condemn","Vacuum"
"2353","Judgment","Resolved"
"2354","Steed Charge","Draw and Quarter"
"2355","Laws of Valor","Critical"
"2356","Akarat's Champion","Prophet"
"2357","Fervor","Passive"
"2358","Towering Shield","Passive"
"2359","Long Arm of the Law","Passive"
"2360","Indestructible","Passive"
"2361","Phalanx","Stampede"
"2362","Iron Skin","Steel Skin"
"2363","Akarat's Champion","Prophet"
"2364","Provoke","Charged Up"
"2365","Steed Charge","Endurance"
"2366","Laws of Valor","Unstoppable Force"
"2367","Heavenly Strength","Passive"
"2368","Long Arm of the Law","Passive"
"2369","Lord Commander","Passive"
"2370","Finery","Passive"
"2371","Phalanx","Stampede"
"2372","Akarat's Champion","Prophet"
"2373","Condemn","Vacuum"
"2374","Steed Charge","Endurance"
"2375","Laws of Valor","Unstoppable Force"
"2376","Provoke","Charged Up"
"2377","Heavenly Strength","Passive"
"2378","Lord Commander","Passive"
"2379","Finery","Passive"
"2380","Long Arm of the Law","Passive"
"2381","Phalanx","Stampede"
"2382","Shield Glare","Divine Verdict"
"2383","Steed Charge","Endurance"
"2384","Provoke","Too Scared to Run"
"2385","Laws of Valor","Unstoppable Force"
"2386","Akarat's Champion","Prophet"
"2387","Lord Commander","Passive"
"2388","Long Arm of the Law","Passive"
"2389","Finery","Passive"
"2390","Heavenly Strength","Passive"
"2391","Phalanx","Stampede"
"2392","Steed Charge","Endurance"
"2393","Judgment","Resolved"
"2394","Akarat's Champion","Prophet"
"2395","Laws of Valor","Unstoppable Force"
"2396","Provoke","Charged Up"
"2397","Heavenly Strength","Passive"
"2398","Lord Commander","Passive"
"2399","Long Arm of the Law","Passive"
"2400","Finery","Passive"
"2401","Phalanx","Stampede"
"2402","Akarat's Champion","Prophet"
"2403","Iron Skin","Steel Skin"
"2404","Steed Charge","Endurance"
"2405","Laws of Valor","Unstoppable Force"
"2406","Provoke","Charged Up"
"2407","Holy Cause","Passive"
"2408","Lord Commander","Passive"
"2409","Finery","Passive"
"2410","Long Arm of the Law","Passive"
"2411","Heaven's Fury","Fires of Heaven"
"2412","Akarat's Champion","Prophet"
"2413","Provoke","Too Scared to Run"
"2414","Shield Glare","Divine Verdict"
"2415","Steed Charge","Endurance"
"2416","Laws of Valor","Critical"
"2417","Heavenly Strength","Passive"
"2418","Finery","Passive"
"2419","Lord Commander","Passive"
"2420","Holy Cause","Passive"
"2421","Phalanx","Stampede"
"2422","Provoke","Too Scared to Run"
"2423","Iron Skin","Steel Skin"
"2424","Steed Charge","Endurance"
"2425","Laws of Valor","Unstoppable Force"
"2426","Akarat's Champion","Prophet"
"2427","Heavenly Strength","Passive"
"2428","Lord Commander","Passive"
"2429","Long Arm of the Law","Passive"
"2430","Finery","Passive"
"2431","Phalanx","Stampede"
"2432","Provoke","Charged Up"
"2433","Steed Charge","Endurance"
"2434","Akarat's Champion","Prophet"
"2435","Laws of Valor","Unstoppable Force"
"2436","Shield Glare","Divine Verdict"
"2437","Heavenly Strength","Passive"
"2438","Lord Commander","Passive"
"2439","Long Arm of the Law","Passive"
"2440","Finery","Passive"
"2441","Heaven's Fury","Fires of Heaven"
"2442","Steed Charge","Endurance"
"2443","Shield Glare","Divine Verdict"
"2444","Provoke","Hit Me"
"2445","Laws of Valor","Unstoppable Force"
"2446","Akarat's Champion","Prophet"
"2447","Heavenly Strength","Passive"
"2448","Holy Cause","Passive"
"2449","Indestructible","Passive"
"2450","Long Arm of the Law","Passive"
"2451","Heaven's Fury","Fires of Heaven"
"2452","Shield Glare","Divine Verdict"
"2453","Akarat's Champion","Prophet"
"2454","Laws of Valor","Unstoppable Force"
"2455","Provoke","Too Scared to Run"
"2456","Steed Charge","Endurance"
"2457","Heavenly Strength","Passive"
"2458","Indestructible","Passive"
"2459","Long Arm of the Law","Passive"
"2460","Holy Cause","Passive"
"2461","Phalanx","Stampede"
"2462","Akarat's Champion","Prophet"
"2463","Laws of Valor","Unstoppable Force"
"2464","Iron Skin","Steel Skin"
"2465","Provoke","Charged Up"
"2466","Steed Charge","Endurance"
"2467","Heavenly Strength","Passive"
"2468","Long Arm of the Law","Passive"
"2469","Indestructible","Passive"
"2470","Finery","Passive"
"2471","Phalanx","Stampede"
"2472","Iron Skin","Explosive Skin"
"2473","Provoke","Too Scared to Run"
"2474","Steed Charge","Endurance"
"2475","Laws of Valor","Critical"
"2476","Akarat's Champion","Prophet"
"2477","Heavenly Strength","Passive"
"2478","Lord Commander","Passive"
"2479","Finery","Passive"
"2480","Long Arm of the Law","Passive"
"2481","Falling Sword","Rise Brothers"
"2482","Shield Bash","Pound"
"2483","Steed Charge","Endurance"
"2484","Laws of Valor","Critical"
"2485","Phalanx","Bowmen"
"2486","Akarat's Champion","Hasteful"
"2487","Towering Shield","Passive"
"2488","Lord Commander","Passive"
"2489","Finery","Passive"
"2490","Heavenly Strength","Passive"
